date_day,dau,active_customers,new_signups,churned_users,churn_rate,tickets_created,invoices_failed,paid_revenue_usd
2021-07-11,0,31,31,0,0.0,0,0,0.0
2021-07-12,0,56,25,0,0.0,0,0,0.0
2021-07-13,0,83,27,0,0.0,0,0,0.0
2021-07-14,0,113,30,0,0.0,0,0,0.0
2021-07-15,0,152,39,0,0.0,0,0,0.0
2021-07-16,0,186,34,0,0.0,0,0,0.0
2021-07-17,0,219,33,0,0.0,0,0,0.0
2021-07-18,0,245,26,0,0.0,0,0,0.0
2021-07-19,0,267,22,0,0.0,0,0,0.0
2021-07-20,0,295,28,0,0.0,0,0,0.0
2021-07-21,0,326,31,0,0.0,0,0,0.0
2021-07-22,0,358,32,0,0.0,0,0,0.0
2021-07-23,0,393,35,0,0.0,0,0,0.0
2021-07-24,0,414,21,0,0.0,0,0,0.0
2021-07-25,0,440,26,0,0.0,0,0,0.0
2021-07-26,0,464,24,0,0.0,0,0,0.0
2021-07-27,0,488,24,0,0.0,0,0,0.0
2021-07-28,0,514,26,0,0.0,0,0,0.0
2021-07-29,0,539,25,0,0.0,0,0,0.0
2021-07-30,0,571,32,0,0.0,0,0,0.0
2021-07-31,0,589,18,0,0.0,0,0,0.0
2021-08-01,0,627,38,0,0.0,0,0,0.0
2021-08-02,0,655,28,0,0.0,0,0,0.0
2021-08-03,0,679,24,0,0.0,0,0,0.0
2021-08-04,0,711,32,0,0.0,0,0,0.0
2021-08-05,0,745,34,0,0.0,0,0,0.0
2021-08-06,0,770,25,0,0.0,0,0,0.0
2021-08-07,0,787,17,0,0.0,0,0,0.0
2021-08-08,0,813,26,0,0.0,0,0,0.0
2021-08-09,0,834,21,0,0.0,0,0,0.0
2021-08-10,0,864,30,0,0.0,0,0,0.0
2021-08-11,0,886,22,0,0.0,0,0,0.0
2021-08-12,0,921,35,0,0.0,0,0,0.0
2021-08-13,0,956,35,0,0.0,0,0,0.0
2021-08-14,0,981,25,0,0.0,0,0,0.0
2021-08-15,0,1009,28,0,0.0,0,0,0.0
2021-08-16,0,1031,22,0,0.0,0,0,0.0
2021-08-17,0,1061,30,0,0.0,0,0,0.0
2021-08-18,0,1093,32,0,0.0,0,0,0.0
2021-08-19,0,1127,34,0,0.0,0,0,0.0
2021-08-20,0,1162,35,0,0.0,0,0,0.0
2021-08-21,0,1181,19,0,0.0,0,0,0.0
2021-08-22,0,1215,34,0,0.0,0,0,0.0
2021-08-23,0,1242,27,0,0.0,0,0,0.0
2021-08-24,0,1261,19,0,0.0,0,0,0.0
2021-08-25,0,1297,36,0,0.0,0,0,0.0
2021-08-26,0,1323,26,0,0.0,0,0,0.0
2021-08-27,0,1354,31,0,0.0,0,0,0.0
2021-08-28,0,1386,32,0,0.0,0,0,0.0
2021-08-29,0,1415,29,0,0.0,0,0,0.0
2021-08-30,0,1450,35,0,0.0,0,0,0.0
2021-08-31,0,1490,40,0,0.0,0,0,0.0
2021-09-01,0,1519,29,0,0.0,0,0,0.0
2021-09-02,0,1538,19,0,0.0,0,0,0.0
2021-09-03,0,1560,22,0,0.0,0,0,0.0
2021-09-04,0,1585,25,0,0.0,0,0,0.0
2021-09-05,0,1605,20,0,0.0,0,0,0.0
2021-09-06,0,1634,29,0,0.0,0,0,0.0
2021-09-07,0,1661,27,0,0.0,0,0,0.0
2021-09-08,0,1687,26,0,0.0,0,0,0.0
2021-09-09,0,1712,25,0,0.0,0,0,0.0
2021-09-10,0,1743,31,0,0.0,0,0,0.0
2021-09-11,0,1770,27,0,0.0,0,0,0.0
2021-09-12,0,1791,21,0,0.0,0,0,0.0
2021-09-13,0,1816,25,0,0.0,0,0,0.0
2021-09-14,0,1852,36,0,0.0,0,0,0.0
2021-09-15,0,1886,34,0,0.0,0,0,0.0
2021-09-16,0,1915,29,0,0.0,0,0,0.0
2021-09-17,0,1943,28,0,0.0,0,0,0.0
2021-09-18,0,1968,25,0,0.0,0,0,0.0
2021-09-19,0,2009,41,0,0.0,0,0,0.0
2021-09-20,0,2038,29,0,0.0,0,0,0.0
2021-09-21,0,2057,19,0,0.0,0,0,0.0
2021-09-22,0,2073,16,0,0.0,0,0,0.0
2021-09-23,0,2102,29,0,0.0,0,0,0.0
2021-09-24,0,2123,21,0,0.0,0,0,0.0
2021-09-25,0,2144,21,0,0.0,0,0,0.0
2021-09-26,0,2177,33,0,0.0,0,0,0.0
2021-09-27,0,2207,30,0,0.0,0,0,0.0
2021-09-28,0,2243,36,0,0.0,0,0,0.0
2021-09-29,0,2270,27,0,0.0,0,0,0.0
2021-09-30,0,2290,20,0,0.0,0,0,0.0
2021-10-01,0,2324,34,0,0.0,0,0,0.0
2021-10-02,0,2354,30,0,0.0,0,0,0.0
2021-10-03,0,2384,30,0,0.0,0,0,0.0
2021-10-04,0,2407,23,0,0.0,0,0,0.0
2021-10-05,0,2437,30,0,0.0,0,0,0.0
2021-10-06,0,2468,31,0,0.0,0,0,0.0
2021-10-07,0,2496,28,0,0.0,0,0,0.0
2021-10-08,0,2519,23,0,0.0,0,0,0.0
2021-10-09,0,2539,20,0,0.0,0,0,0.0
2021-10-10,0,2571,32,0,0.0,0,0,0.0
2021-10-11,0,2611,40,0,0.0,0,0,0.0
2021-10-12,0,2643,32,0,0.0,0,0,0.0
2021-10-13,0,2673,30,0,0.0,0,0,0.0
2021-10-14,0,2705,32,0,0.0,0,0,0.0
2021-10-15,0,2726,21,0,0.0,0,0,0.0
2021-10-16,0,2754,28,0,0.0,0,0,0.0
2021-10-17,0,2787,33,0,0.0,0,0,0.0
2021-10-18,0,2813,26,0,0.0,0,0,0.0
2021-10-19,0,2841,28,0,0.0,0,0,0.0
2021-10-20,0,2868,27,0,0.0,0,0,0.0
2021-10-21,0,2903,35,0,0.0,0,0,0.0
2021-10-22,0,2929,26,0,0.0,0,0,0.0
2021-10-23,0,2965,36,0,0.0,0,0,0.0
2021-10-24,0,2991,26,0,0.0,0,0,0.0
2021-10-25,0,3023,32,0,0.0,0,0,0.0
2021-10-26,0,3052,29,0,0.0,0,0,0.0
2021-10-27,0,3077,25,0,0.0,0,0,0.0
2021-10-28,0,3097,20,0,0.0,0,0,0.0
2021-10-29,0,3124,27,0,0.0,0,0,0.0
2021-10-30,0,3142,18,0,0.0,0,0,0.0
2021-10-31,0,3165,23,0,0.0,0,0,0.0
2021-11-01,0,3205,40,0,0.0,0,0,0.0
2021-11-02,0,3229,24,0,0.0,0,0,0.0
2021-11-03,0,3254,25,0,0.0,0,0,0.0
2021-11-04,0,3287,33,0,0.0,0,0,0.0
2021-11-05,0,3305,18,0,0.0,0,0,0.0
2021-11-06,0,3337,32,0,0.0,0,0,0.0
2021-11-07,0,3362,25,0,0.0,0,0,0.0
2021-11-08,0,3393,31,0,0.0,0,0,0.0
2021-11-09,0,3417,24,0,0.0,0,0,0.0
2021-11-10,0,3444,27,0,0.0,0,0,0.0
2021-11-11,0,3469,25,0,0.0,0,0,0.0
2021-11-12,0,3494,25,0,0.0,0,0,0.0
2021-11-13,0,3513,19,0,0.0,0,0,0.0
2021-11-14,0,3531,18,0,0.0,0,0,0.0
2021-11-15,0,3561,30,0,0.0,0,0,0.0
2021-11-16,0,3601,40,0,0.0,0,0,0.0
2021-11-17,0,3633,32,0,0.0,0,0,0.0
2021-11-18,0,3655,22,0,0.0,0,0,0.0
2021-11-19,0,3677,22,0,0.0,0,0,0.0
2021-11-20,0,3706,29,0,0.0,0,0,0.0
2021-11-21,0,3735,29,0,0.0,0,0,0.0
2021-11-22,0,3762,27,0,0.0,0,0,0.0
2021-11-23,0,3786,24,0,0.0,0,0,0.0
2021-11-24,0,3818,32,0,0.0,0,0,0.0
2021-11-25,0,3852,34,0,0.0,0,0,0.0
2021-11-26,0,3881,29,0,0.0,0,0,0.0
2021-11-27,0,3910,29,0,0.0,0,0,0.0
2021-11-28,0,3947,37,0,0.0,0,0,0.0
2021-11-29,0,3975,28,0,0.0,0,0,0.0
2021-11-30,0,3998,23,0,0.0,0,0,0.0
2021-12-01,0,4024,26,0,0.0,0,0,0.0
2021-12-02,0,4060,36,0,0.0,0,0,0.0
2021-12-03,0,4087,27,0,0.0,0,0,0.0
2021-12-04,0,4112,25,0,0.0,0,0,0.0
2021-12-05,0,4139,27,0,0.0,0,0,0.0
2021-12-06,0,4166,27,0,0.0,0,0,0.0
2021-12-07,0,4191,25,0,0.0,0,0,0.0
2021-12-08,0,4213,22,0,0.0,0,0,0.0
2021-12-09,0,4238,25,0,0.0,0,0,0.0
2021-12-10,0,4254,16,0,0.0,0,0,0.0
2021-12-11,0,4282,28,0,0.0,0,0,0.0
2021-12-12,0,4311,29,0,0.0,0,0,0.0
2021-12-13,0,4348,37,0,0.0,0,0,0.0
2021-12-14,0,4371,23,0,0.0,0,0,0.0
2021-12-15,0,4401,30,0,0.0,0,0,0.0
2021-12-16,0,4432,31,0,0.0,0,0,0.0
2021-12-17,0,4466,34,0,0.0,0,0,0.0
2021-12-18,0,4497,31,0,0.0,0,0,0.0
2021-12-19,0,4521,24,0,0.0,0,0,0.0
2021-12-20,0,4552,31,0,0.0,0,0,0.0
2021-12-21,0,4572,20,0,0.0,0,0,0.0
2021-12-22,0,4599,27,0,0.0,0,0,0.0
2021-12-23,0,4634,35,0,0.0,0,0,0.0
2021-12-24,0,4661,27,0,0.0,0,0,0.0
2021-12-25,0,4688,27,0,0.0,0,0,0.0
2021-12-26,0,4717,29,0,0.0,0,0,0.0
2021-12-27,0,4742,25,0,0.0,0,0,0.0
2021-12-28,0,4764,22,0,0.0,0,0,0.0
2021-12-29,0,4793,29,0,0.0,0,0,0.0
2021-12-30,0,4827,34,0,0.0,0,0,0.0
2021-12-31,0,4850,23,0,0.0,0,0,0.0
2022-01-01,0,4873,23,0,0.0,0,0,0.0
2022-01-02,0,4909,36,0,0.0,0,0,0.0
2022-01-03,0,4938,29,0,0.0,0,0,0.0
2022-01-04,0,4962,24,0,0.0,0,0,0.0
2022-01-05,0,4991,29,0,0.0,0,0,0.0
2022-01-06,0,5015,24,0,0.0,0,0,0.0
2022-01-07,0,5035,20,0,0.0,0,0,0.0
2022-01-08,0,5063,28,0,0.0,0,0,0.0
2022-01-09,0,5094,31,0,0.0,0,0,0.0
2022-01-10,0,5120,26,0,0.0,0,0,0.0
2022-01-11,0,5150,30,0,0.0,0,0,0.0
2022-01-12,0,5183,33,0,0.0,0,0,0.0
2022-01-13,0,5207,24,0,0.0,0,0,0.0
2022-01-14,0,5234,27,0,0.0,0,0,0.0
2022-01-15,0,5261,27,0,0.0,0,0,0.0
2022-01-16,0,5294,33,0,0.0,0,0,0.0
2022-01-17,0,5315,21,0,0.0,0,0,0.0
2022-01-18,0,5342,27,0,0.0,0,0,0.0
2022-01-19,0,5357,15,0,0.0,0,0,0.0
2022-01-20,0,5385,28,0,0.0,0,0,0.0
2022-01-21,0,5415,30,0,0.0,0,0,0.0
2022-01-22,0,5443,28,0,0.0,0,0,0.0
2022-01-23,0,5470,27,0,0.0,0,0,0.0
2022-01-24,0,5502,32,0,0.0,0,0,0.0
2022-01-25,0,5532,30,0,0.0,0,0,0.0
2022-01-26,0,5561,29,0,0.0,0,0,0.0
2022-01-27,0,5589,28,0,0.0,0,0,0.0
2022-01-28,0,5614,25,0,0.0,0,0,0.0
2022-01-29,0,5645,31,0,0.0,0,0,0.0
2022-01-30,0,5676,31,0,0.0,0,0,0.0
2022-01-31,0,5706,30,0,0.0,0,0,0.0
2022-02-01,0,5736,30,0,0.0,0,0,0.0
2022-02-02,0,5759,23,0,0.0,0,0,0.0
2022-02-03,0,5779,20,0,0.0,0,0,0.0
2022-02-04,0,5813,34,0,0.0,0,0,0.0
2022-02-05,0,5844,31,0,0.0,0,0,0.0
2022-02-06,0,5877,33,0,0.0,0,0,0.0
2022-02-07,0,5901,24,0,0.0,0,0,0.0
2022-02-08,0,5925,24,0,0.0,0,0,0.0
2022-02-09,0,5960,35,0,0.0,0,0,0.0
2022-02-10,0,5983,23,0,0.0,0,0,0.0
2022-02-11,0,6014,31,0,0.0,0,0,0.0
2022-02-12,0,6039,25,0,0.0,0,0,0.0
2022-02-13,0,6070,31,0,0.0,0,0,0.0
2022-02-14,0,6099,29,0,0.0,0,0,0.0
2022-02-15,0,6128,29,0,0.0,0,0,0.0
2022-02-16,0,6156,28,0,0.0,0,0,0.0
2022-02-17,0,6188,32,0,0.0,0,0,0.0
2022-02-18,0,6213,25,0,0.0,0,0,0.0
2022-02-19,0,6247,34,0,0.0,0,0,0.0
2022-02-20,0,6277,30,0,0.0,0,0,0.0
2022-02-21,0,6299,22,0,0.0,0,0,0.0
2022-02-22,0,6329,30,0,0.0,0,0,0.0
2022-02-23,0,6349,20,0,0.0,0,0,0.0
2022-02-24,0,6371,22,0,0.0,0,0,0.0
2022-02-25,0,6401,30,0,0.0,0,0,0.0
2022-02-26,0,6425,24,0,0.0,0,0,0.0
2022-02-27,0,6452,27,0,0.0,0,0,0.0
2022-02-28,0,6481,29,0,0.0,0,0,0.0
2022-03-01,0,6505,24,0,0.0,0,0,0.0
2022-03-02,0,6529,24,0,0.0,0,0,0.0
2022-03-03,0,6558,29,0,0.0,0,0,0.0
2022-03-04,0,6583,25,0,0.0,0,0,0.0
2022-03-05,0,6608,25,0,0.0,0,0,0.0
2022-03-06,0,6628,20,0,0.0,0,0,0.0
2022-03-07,0,6652,24,0,0.0,0,0,0.0
2022-03-08,0,6682,30,0,0.0,0,0,0.0
2022-03-09,0,6721,39,0,0.0,0,0,0.0
2022-03-10,0,6745,24,0,0.0,0,0,0.0
2022-03-11,0,6780,35,0,0.0,0,0,0.0
2022-03-12,0,6806,26,0,0.0,0,0,0.0
2022-03-13,0,6838,32,0,0.0,0,0,0.0
2022-03-14,0,6862,24,0,0.0,0,0,0.0
2022-03-15,0,6894,32,0,0.0,0,0,0.0
2022-03-16,0,6922,28,0,0.0,0,0,0.0
2022-03-17,0,6946,24,0,0.0,0,0,0.0
2022-03-18,0,6974,28,0,0.0,0,0,0.0
2022-03-19,0,7001,27,0,0.0,0,0,0.0
2022-03-20,0,7023,22,0,0.0,0,0,0.0
2022-03-21,0,7052,29,0,0.0,0,0,0.0
2022-03-22,0,7079,27,0,0.0,0,0,0.0
2022-03-23,0,7097,18,0,0.0,0,0,0.0
2022-03-24,0,7120,23,0,0.0,0,0,0.0
2022-03-25,0,7149,29,0,0.0,0,0,0.0
2022-03-26,0,7179,30,0,0.0,0,0,0.0
2022-03-27,0,7205,26,0,0.0,0,0,0.0
2022-03-28,0,7232,27,0,0.0,0,0,0.0
2022-03-29,0,7261,29,0,0.0,0,0,0.0
2022-03-30,0,7279,18,0,0.0,0,0,0.0
2022-03-31,0,7299,20,0,0.0,0,0,0.0
2022-04-01,0,7328,29,0,0.0,0,0,0.0
2022-04-02,0,7361,33,0,0.0,0,0,0.0
2022-04-03,0,7385,24,0,0.0,0,0,0.0
2022-04-04,0,7411,26,0,0.0,0,0,0.0
2022-04-05,0,7438,27,0,0.0,0,0,0.0
2022-04-06,0,7465,27,0,0.0,0,0,0.0
2022-04-07,0,7488,23,0,0.0,0,0,0.0
2022-04-08,0,7512,24,0,0.0,0,0,0.0
2022-04-09,0,7536,24,0,0.0,0,0,0.0
2022-04-10,0,7559,23,0,0.0,0,0,0.0
2022-04-11,0,7588,29,0,0.0,0,0,0.0
2022-04-12,0,7621,33,0,0.0,0,0,0.0
2022-04-13,0,7651,30,0,0.0,0,0,0.0
2022-04-14,0,7681,30,0,0.0,0,0,0.0
2022-04-15,0,7722,41,0,0.0,0,0,0.0
2022-04-16,0,7751,29,0,0.0,0,0,0.0
2022-04-17,0,7787,36,0,0.0,0,0,0.0
2022-04-18,0,7813,26,0,0.0,0,0,0.0
2022-04-19,0,7846,33,0,0.0,0,0,0.0
2022-04-20,0,7864,18,0,0.0,0,0,0.0
2022-04-21,0,7887,23,0,0.0,0,0,0.0
2022-04-22,0,7917,30,0,0.0,0,0,0.0
2022-04-23,0,7937,20,0,0.0,0,0,0.0
2022-04-24,0,7963,26,0,0.0,0,0,0.0
2022-04-25,0,7991,28,0,0.0,0,0,0.0
2022-04-26,0,8026,35,0,0.0,0,0,0.0
2022-04-27,0,8058,32,0,0.0,0,0,0.0
2022-04-28,0,8083,25,0,0.0,0,0,0.0
2022-04-29,0,8122,39,0,0.0,0,0,0.0
2022-04-30,0,8147,25,0,0.0,0,0,0.0
2022-05-01,0,8183,36,0,0.0,0,0,0.0
2022-05-02,0,8208,25,0,0.0,0,0,0.0
2022-05-03,0,8228,20,0,0.0,0,0,0.0
2022-05-04,0,8246,18,0,0.0,0,0,0.0
2022-05-05,0,8277,31,0,0.0,0,0,0.0
2022-05-06,0,8307,30,0,0.0,0,0,0.0
2022-05-07,0,8333,26,0,0.0,0,0,0.0
2022-05-08,0,8351,18,0,0.0,0,0,0.0
2022-05-09,0,8376,25,0,0.0,0,0,0.0
2022-05-10,0,8407,31,0,0.0,0,0,0.0
2022-05-11,0,8443,36,0,0.0,0,0,0.0
2022-05-12,0,8466,23,0,0.0,0,0,0.0
2022-05-13,0,8498,32,0,0.0,0,0,0.0
2022-05-14,0,8529,31,0,0.0,0,0,0.0
2022-05-15,0,8556,27,0,0.0,0,0,0.0
2022-05-16,0,8579,23,0,0.0,0,0,0.0
2022-05-17,0,8596,17,0,0.0,0,0,0.0
2022-05-18,0,8623,27,0,0.0,0,0,0.0
2022-05-19,0,8645,22,0,0.0,0,0,0.0
2022-05-20,0,8669,24,0,0.0,0,0,0.0
2022-05-21,0,8685,16,0,0.0,0,0,0.0
2022-05-22,0,8711,26,0,0.0,0,0,0.0
2022-05-23,0,8741,30,0,0.0,0,0,0.0
2022-05-24,0,8782,41,0,0.0,0,0,0.0
2022-05-25,0,8809,27,0,0.0,0,0,0.0
2022-05-26,0,8840,31,0,0.0,0,0,0.0
2022-05-27,0,8868,28,0,0.0,0,0,0.0
2022-05-28,0,8897,29,0,0.0,0,0,0.0
2022-05-29,0,8927,30,0,0.0,0,0,0.0
2022-05-30,0,8951,24,0,0.0,0,0,0.0
2022-05-31,0,8983,32,0,0.0,0,0,0.0
2022-06-01,0,9011,28,0,0.0,0,0,0.0
2022-06-02,0,9034,23,0,0.0,0,0,0.0
2022-06-03,0,9066,32,0,0.0,0,0,0.0
2022-06-04,0,9103,37,0,0.0,0,0,0.0
2022-06-05,0,9134,31,0,0.0,0,0,0.0
2022-06-06,0,9157,23,0,0.0,0,0,0.0
2022-06-07,0,9180,23,0,0.0,0,0,0.0
2022-06-08,0,9201,21,0,0.0,0,0,0.0
2022-06-09,0,9228,27,0,0.0,0,0,0.0
2022-06-10,0,9256,28,0,0.0,0,0,0.0
2022-06-11,0,9277,21,0,0.0,0,0,0.0
2022-06-12,0,9310,33,0,0.0,0,0,0.0
2022-06-13,0,9340,30,0,0.0,0,0,0.0
2022-06-14,0,9372,32,0,0.0,0,0,0.0
2022-06-15,0,9392,20,0,0.0,0,0,0.0
2022-06-16,0,9423,31,0,0.0,0,0,0.0
2022-06-17,0,9439,16,0,0.0,0,0,0.0
2022-06-18,0,9475,36,0,0.0,0,0,0.0
2022-06-19,0,9501,26,0,0.0,0,0,0.0
2022-06-20,0,9523,22,0,0.0,0,0,0.0
2022-06-21,0,9556,33,0,0.0,0,0,0.0
2022-06-22,0,9583,27,0,0.0,0,0,0.0
2022-06-23,0,9611,28,0,0.0,0,0,0.0
2022-06-24,0,9637,26,0,0.0,0,0,0.0
2022-06-25,0,9663,26,0,0.0,0,0,0.0
2022-06-26,0,9695,32,0,0.0,0,0,0.0
2022-06-27,0,9725,30,0,0.0,0,0,0.0
2022-06-28,0,9747,22,0,0.0,0,0,0.0
2022-06-29,0,9769,22,0,0.0,0,0,0.0
2022-06-30,0,9798,29,0,0.0,0,0,0.0
2022-07-01,0,9823,25,0,0.0,0,0,0.0
2022-07-02,0,9844,21,0,0.0,0,0,0.0
2022-07-03,0,9868,24,0,0.0,0,0,0.0
2022-07-04,0,9892,24,0,0.0,0,0,0.0
2022-07-05,0,9917,25,0,0.0,0,0,0.0
2022-07-06,0,9935,18,0,0.0,0,0,0.0
2022-07-07,0,9971,36,0,0.0,0,0,0.0
2022-07-08,0,9989,18,0,0.0,0,0,0.0
2022-07-09,0,10007,18,0,0.0,0,0,0.0
2022-07-10,0,10045,38,0,0.0,0,0,0.0
2022-07-11,0,10081,36,0,0.0,0,0,0.0
2022-07-12,0,10105,24,0,0.0,0,0,0.0
2022-07-13,0,10131,26,0,0.0,0,0,0.0
2022-07-14,0,10151,20,0,0.0,0,0,0.0
2022-07-15,0,10177,26,0,0.0,0,0,0.0
2022-07-16,0,10217,40,0,0.0,0,0,0.0
2022-07-17,0,10244,27,0,0.0,0,0,0.0
2022-07-18,0,10259,15,0,0.0,0,0,0.0
2022-07-19,0,10290,31,0,0.0,0,0,0.0
2022-07-20,0,10324,34,0,0.0,0,0,0.0
2022-07-21,0,10354,30,0,0.0,0,0,0.0
2022-07-22,0,10381,27,0,0.0,0,0,0.0
2022-07-23,0,10408,27,0,0.0,0,0,0.0
2022-07-24,0,10430,22,0,0.0,0,0,0.0
2022-07-25,0,10454,24,0,0.0,0,0,0.0
2022-07-26,0,10490,36,0,0.0,0,0,0.0
2022-07-27,0,10522,32,0,0.0,0,0,0.0
2022-07-28,0,10560,38,0,0.0,0,0,0.0
2022-07-29,0,10578,18,0,0.0,0,0,0.0
2022-07-30,0,10606,28,0,0.0,0,0,0.0
2022-07-31,0,10630,24,0,0.0,0,0,0.0
2022-08-01,0,10661,31,0,0.0,0,0,0.0
2022-08-02,0,10689,28,0,0.0,0,0,0.0
2022-08-03,0,10716,27,0,0.0,0,0,0.0
2022-08-04,0,10737,21,0,0.0,0,0,0.0
2022-08-05,0,10766,29,0,0.0,0,0,0.0
2022-08-06,0,10795,29,0,0.0,0,0,0.0
2022-08-07,0,10822,27,0,0.0,0,0,0.0
2022-08-08,0,10849,27,0,0.0,0,0,0.0
2022-08-09,0,10869,20,0,0.0,0,0,0.0
2022-08-10,0,10902,33,0,0.0,0,0,0.0
2022-08-11,0,10931,29,0,0.0,0,0,0.0
2022-08-12,0,10959,28,0,0.0,0,0,0.0
2022-08-13,0,10977,18,0,0.0,0,0,0.0
2022-08-14,0,11003,26,0,0.0,0,0,0.0
2022-08-15,0,11020,17,0,0.0,0,0,0.0
2022-08-16,0,11054,34,0,0.0,0,0,0.0
2022-08-17,0,11068,14,0,0.0,0,0,0.0
2022-08-18,0,11102,34,0,0.0,0,0,0.0
2022-08-19,0,11131,29,0,0.0,0,0,0.0
2022-08-20,0,11168,37,0,0.0,0,0,0.0
2022-08-21,0,11200,32,0,0.0,0,0,0.0
2022-08-22,0,11222,22,0,0.0,0,0,0.0
2022-08-23,0,11250,28,0,0.0,0,0,0.0
2022-08-24,0,11287,37,0,0.0,0,0,0.0
2022-08-25,0,11316,29,0,0.0,0,0,0.0
2022-08-26,0,11345,29,0,0.0,0,0,0.0
2022-08-27,0,11369,24,0,0.0,0,0,0.0
2022-08-28,0,11395,26,0,0.0,0,0,0.0
2022-08-29,0,11423,28,0,0.0,0,0,0.0
2022-08-30,0,11447,24,0,0.0,0,0,0.0
2022-08-31,0,11471,24,0,0.0,0,0,0.0
2022-09-01,0,11499,28,0,0.0,0,0,0.0
2022-09-02,0,11530,31,0,0.0,0,0,0.0
2022-09-03,0,11556,26,0,0.0,0,0,0.0
2022-09-04,0,11579,23,0,0.0,0,0,0.0
2022-09-05,0,11614,35,0,0.0,0,0,0.0
2022-09-06,0,11636,22,0,0.0,0,0,0.0
2022-09-07,0,11664,28,0,0.0,0,0,0.0
2022-09-08,0,11686,22,0,0.0,0,0,0.0
2022-09-09,0,11715,29,0,0.0,0,0,0.0
2022-09-10,0,11744,29,0,0.0,0,0,0.0
2022-09-11,0,11773,29,0,0.0,0,0,0.0
2022-09-12,0,11799,26,0,0.0,0,0,0.0
2022-09-13,0,11829,30,0,0.0,0,0,0.0
2022-09-14,0,11854,25,0,0.0,0,0,0.0
2022-09-15,0,11882,28,0,0.0,0,0,0.0
2022-09-16,0,11911,29,0,0.0,0,0,0.0
2022-09-17,0,11928,17,0,0.0,0,0,0.0
2022-09-18,0,11952,24,0,0.0,0,0,0.0
2022-09-19,0,11982,30,0,0.0,0,0,0.0
2022-09-20,0,12009,27,0,0.0,0,0,0.0
2022-09-21,0,12035,26,0,0.0,0,0,0.0
2022-09-22,0,12059,24,0,0.0,0,0,0.0
2022-09-23,0,12085,26,0,0.0,0,0,0.0
2022-09-24,0,12113,28,0,0.0,0,0,0.0
2022-09-25,0,12141,28,0,0.0,0,0,0.0
2022-09-26,0,12173,32,0,0.0,0,0,0.0
2022-09-27,0,12197,24,0,0.0,0,0,0.0
2022-09-28,0,12212,15,0,0.0,0,0,0.0
2022-09-29,0,12240,28,0,0.0,0,0,0.0
2022-09-30,0,12263,23,0,0.0,0,0,0.0
2022-10-01,0,12290,27,0,0.0,0,0,0.0
2022-10-02,0,12312,22,0,0.0,0,0,0.0
2022-10-03,0,12339,27,0,0.0,0,0,0.0
2022-10-04,0,12368,29,0,0.0,0,0,0.0
2022-10-05,0,12398,30,0,0.0,0,0,0.0
2022-10-06,0,12428,30,0,0.0,0,0,0.0
2022-10-07,0,12450,22,0,0.0,0,0,0.0
2022-10-08,0,12476,26,0,0.0,0,0,0.0
2022-10-09,0,12507,31,0,0.0,0,0,0.0
2022-10-10,0,12527,20,0,0.0,0,0,0.0
2022-10-11,0,12553,26,0,0.0,0,0,0.0
2022-10-12,0,12585,32,0,0.0,0,0,0.0
2022-10-13,0,12612,27,0,0.0,0,0,0.0
2022-10-14,0,12632,20,0,0.0,0,0,0.0
2022-10-15,0,12653,21,0,0.0,0,0,0.0
2022-10-16,0,12678,25,0,0.0,0,0,0.0
2022-10-17,0,12707,29,0,0.0,0,0,0.0
2022-10-18,0,12732,25,0,0.0,0,0,0.0
2022-10-19,0,12754,22,0,0.0,0,0,0.0
2022-10-20,0,12789,35,0,0.0,0,0,0.0
2022-10-21,0,12814,25,0,0.0,0,0,0.0
2022-10-22,0,12841,27,0,0.0,0,0,0.0
2022-10-23,0,12866,25,0,0.0,0,0,0.0
2022-10-24,0,12890,24,0,0.0,0,0,0.0
2022-10-25,0,12911,21,0,0.0,0,0,0.0
2022-10-26,0,12936,25,0,0.0,0,0,0.0
2022-10-27,0,12965,29,0,0.0,0,0,0.0
2022-10-28,0,12987,22,0,0.0,0,0,0.0
2022-10-29,0,13014,27,0,0.0,0,0,0.0
2022-10-30,0,13037,23,0,0.0,0,0,0.0
2022-10-31,0,13065,28,0,0.0,0,0,0.0
2022-11-01,0,13096,31,0,0.0,0,0,0.0
2022-11-02,0,13126,30,0,0.0,0,0,0.0
2022-11-03,0,13155,29,0,0.0,0,0,0.0
2022-11-04,0,13184,29,0,0.0,0,0,0.0
2022-11-05,0,13217,33,0,0.0,0,0,0.0
2022-11-06,0,13252,35,0,0.0,0,0,0.0
2022-11-07,0,13291,39,0,0.0,0,0,0.0
2022-11-08,0,13312,21,0,0.0,0,0,0.0
2022-11-09,0,13347,35,0,0.0,0,0,0.0
2022-11-10,0,13382,35,0,0.0,0,0,0.0
2022-11-11,0,13414,32,0,0.0,0,0,0.0
2022-11-12,0,13440,26,0,0.0,0,0,0.0
2022-11-13,0,13464,24,0,0.0,0,0,0.0
2022-11-14,0,13499,35,0,0.0,0,0,0.0
2022-11-15,0,13520,21,0,0.0,0,0,0.0
2022-11-16,0,13542,22,0,0.0,0,0,0.0
2022-11-17,0,13564,22,0,0.0,0,0,0.0
2022-11-18,0,13592,28,0,0.0,0,0,0.0
2022-11-19,0,13627,35,0,0.0,0,0,0.0
2022-11-20,0,13661,34,0,0.0,0,0,0.0
2022-11-21,0,13686,25,0,0.0,0,0,0.0
2022-11-22,0,13714,28,0,0.0,0,0,0.0
2022-11-23,0,13743,29,0,0.0,0,0,0.0
2022-11-24,0,13780,37,0,0.0,0,0,0.0
2022-11-25,0,13817,37,0,0.0,0,0,0.0
2022-11-26,0,13838,21,0,0.0,0,0,0.0
2022-11-27,0,13864,26,0,0.0,0,0,0.0
2022-11-28,0,13899,35,0,0.0,0,0,0.0
2022-11-29,0,13931,32,0,0.0,0,0,0.0
2022-11-30,0,13955,24,0,0.0,0,0,0.0
2022-12-01,0,13992,37,0,0.0,0,0,0.0
2022-12-02,0,14013,21,0,0.0,0,0,0.0
2022-12-03,0,14038,25,0,0.0,0,0,0.0
2022-12-04,0,14064,26,0,0.0,0,0,0.0
2022-12-05,0,14089,25,0,0.0,0,0,0.0
2022-12-06,0,14118,29,0,0.0,0,0,0.0
2022-12-07,0,14156,38,0,0.0,0,0,0.0
2022-12-08,0,14182,26,0,0.0,0,0,0.0
2022-12-09,0,14204,22,0,0.0,0,0,0.0
2022-12-10,0,14237,33,0,0.0,0,0,0.0
2022-12-11,0,14265,28,0,0.0,0,0,0.0
2022-12-12,0,14301,36,0,0.0,0,0,0.0
2022-12-13,0,14333,32,0,0.0,0,0,0.0
2022-12-14,0,14357,24,0,0.0,0,0,0.0
2022-12-15,0,14386,29,0,0.0,0,0,0.0
2022-12-16,0,14412,26,0,0.0,0,0,0.0
2022-12-17,0,14443,31,0,0.0,0,0,0.0
2022-12-18,0,14465,22,0,0.0,0,0,0.0
2022-12-19,0,14487,22,0,0.0,0,0,0.0
2022-12-20,0,14518,31,0,0.0,0,0,0.0
2022-12-21,0,14547,29,0,0.0,0,0,0.0
2022-12-22,0,14567,20,0,0.0,0,0,0.0
2022-12-23,0,14601,34,0,0.0,0,0,0.0
2022-12-24,0,14627,26,0,0.0,0,0,0.0
2022-12-25,0,14655,28,0,0.0,0,0,0.0
2022-12-26,0,14683,28,0,0.0,0,0,0.0
2022-12-27,0,14708,25,0,0.0,0,0,0.0
2022-12-28,0,14741,33,0,0.0,0,0,0.0
2022-12-29,0,14774,33,0,0.0,0,0,0.0
2022-12-30,0,14792,18,0,0.0,0,0,0.0
2022-12-31,0,14819,27,0,0.0,0,0,0.0
2023-01-01,0,14848,29,0,0.0,0,0,0.0
2023-01-02,0,14877,29,0,0.0,0,0,0.0
2023-01-03,0,14910,33,0,0.0,0,0,0.0
2023-01-04,0,14929,19,0,0.0,0,0,0.0
2023-01-05,0,14957,28,0,0.0,0,0,0.0
2023-01-06,0,14976,19,0,0.0,0,0,0.0
2023-01-07,0,15007,31,0,0.0,0,0,0.0
2023-01-08,0,15037,30,0,0.0,0,0,0.0
2023-01-09,0,15064,27,0,0.0,0,0,0.0
2023-01-10,0,15089,25,0,0.0,0,0,0.0
2023-01-11,0,15122,33,0,0.0,0,0,0.0
2023-01-12,0,15146,24,0,0.0,0,0,0.0
2023-01-13,0,15162,16,0,0.0,0,0,0.0
2023-01-14,0,15189,27,0,0.0,0,0,0.0
2023-01-15,0,15209,20,0,0.0,0,0,0.0
2023-01-16,0,15235,26,0,0.0,0,0,0.0
2023-01-17,0,15259,24,0,0.0,0,0,0.0
2023-01-18,0,15284,25,0,0.0,0,0,0.0
2023-01-19,0,15313,29,0,0.0,0,0,0.0
2023-01-20,0,15333,20,0,0.0,0,0,0.0
2023-01-21,0,15358,25,0,0.0,0,0,0.0
2023-01-22,0,15387,29,0,0.0,0,0,0.0
2023-01-23,0,15425,38,0,0.0,0,0,0.0
2023-01-24,0,15459,34,0,0.0,0,0,0.0
2023-01-25,0,15478,19,0,0.0,0,0,0.0
2023-01-26,0,15505,27,0,0.0,0,0,0.0
2023-01-27,0,15535,30,0,0.0,0,0,0.0
2023-01-28,0,15566,31,0,0.0,0,0,0.0
2023-01-29,0,15593,27,0,0.0,0,0,0.0
2023-01-30,0,15616,23,0,0.0,0,0,0.0
2023-01-31,0,15631,15,0,0.0,0,0,0.0
2023-02-01,0,15662,31,0,0.0,0,0,0.0
2023-02-02,0,15691,29,0,0.0,0,0,0.0
2023-02-03,0,15723,32,0,0.0,0,0,0.0
2023-02-04,0,15749,26,0,0.0,0,0,0.0
2023-02-05,0,15782,33,0,0.0,0,0,0.0
2023-02-06,0,15806,24,0,0.0,0,0,0.0
2023-02-07,0,15830,24,0,0.0,0,0,0.0
2023-02-08,0,15852,22,0,0.0,0,0,0.0
2023-02-09,0,15879,27,0,0.0,0,0,0.0
2023-02-10,0,15916,37,0,0.0,0,0,0.0
2023-02-11,0,15938,22,0,0.0,0,0,0.0
2023-02-12,0,15966,28,0,0.0,0,0,0.0
2023-02-13,0,15991,25,0,0.0,0,0,0.0
2023-02-14,0,16013,22,0,0.0,0,0,0.0
2023-02-15,0,16035,22,0,0.0,0,0,0.0
2023-02-16,0,16066,31,0,0.0,0,0,0.0
2023-02-17,0,16094,28,0,0.0,0,0,0.0
2023-02-18,0,16124,30,0,0.0,0,0,0.0
2023-02-19,0,16148,24,0,0.0,0,0,0.0
2023-02-20,0,16178,30,0,0.0,0,0,0.0
2023-02-21,0,16206,28,0,0.0,0,0,0.0
2023-02-22,0,16226,20,0,0.0,0,0,0.0
2023-02-23,0,16259,33,0,0.0,0,0,0.0
2023-02-24,0,16284,25,0,0.0,0,0,0.0
2023-02-25,0,16319,35,0,0.0,0,0,0.0
2023-02-26,0,16340,21,0,0.0,0,0,0.0
2023-02-27,0,16364,24,0,0.0,0,0,0.0
2023-02-28,0,16408,44,0,0.0,0,0,0.0
2023-03-01,0,16437,29,0,0.0,0,0,0.0
2023-03-02,0,16468,31,0,0.0,0,0,0.0
2023-03-03,0,16491,23,0,0.0,0,0,0.0
2023-03-04,0,16518,27,0,0.0,0,0,0.0
2023-03-05,0,16541,23,0,0.0,0,0,0.0
2023-03-06,0,16578,37,0,0.0,0,0,0.0
2023-03-07,0,16603,25,0,0.0,0,0,0.0
2023-03-08,0,16638,35,0,0.0,0,0,0.0
2023-03-09,0,16671,33,0,0.0,0,0,0.0
2023-03-10,0,16707,36,0,0.0,0,0,0.0
2023-03-11,0,16732,25,0,0.0,0,0,0.0
2023-03-12,0,16758,26,0,0.0,0,0,0.0
2023-03-13,0,16788,30,0,0.0,0,0,0.0
2023-03-14,0,16815,27,0,0.0,0,0,0.0
2023-03-15,0,16832,17,0,0.0,0,0,0.0
2023-03-16,0,16857,25,0,0.0,0,0,0.0
2023-03-17,0,16885,28,0,0.0,0,0,0.0
2023-03-18,0,16913,28,0,0.0,0,0,0.0
2023-03-19,0,16949,36,0,0.0,0,0,0.0
2023-03-20,0,16974,25,0,0.0,0,0,0.0
2023-03-21,0,17014,40,0,0.0,0,0,0.0
2023-03-22,0,17035,21,0,0.0,0,0,0.0
2023-03-23,0,17062,27,0,0.0,0,0,0.0
2023-03-24,0,17090,28,0,0.0,0,0,0.0
2023-03-25,0,17121,31,0,0.0,0,0,0.0
2023-03-26,0,17149,28,0,0.0,0,0,0.0
2023-03-27,0,17176,27,0,0.0,0,0,0.0
2023-03-28,0,17207,31,0,0.0,0,0,0.0
2023-03-29,0,17232,25,0,0.0,0,0,0.0
2023-03-30,0,17255,23,0,0.0,0,0,0.0
2023-03-31,0,17280,25,0,0.0,0,0,0.0
2023-04-01,0,17310,30,0,0.0,0,0,0.0
2023-04-02,0,17336,26,0,0.0,0,0,0.0
2023-04-03,0,17365,29,0,0.0,0,0,0.0
2023-04-04,0,17393,28,0,0.0,0,0,0.0
2023-04-05,0,17415,22,0,0.0,0,0,0.0
2023-04-06,0,17440,25,0,0.0,0,0,0.0
2023-04-07,0,17472,32,0,0.0,0,0,0.0
2023-04-08,0,17496,24,0,0.0,0,0,0.0
2023-04-09,0,17519,23,0,0.0,0,0,0.0
2023-04-10,0,17555,36,0,0.0,0,0,0.0
2023-04-11,0,17579,24,0,0.0,0,0,0.0
2023-04-12,0,17606,27,0,0.0,0,0,0.0
2023-04-13,0,17638,32,0,0.0,0,0,0.0
2023-04-14,0,17665,27,0,0.0,0,0,0.0
2023-04-15,0,17705,40,0,0.0,0,0,0.0
2023-04-16,0,17729,24,0,0.0,0,0,0.0
2023-04-17,0,17769,40,0,0.0,0,0,0.0
2023-04-18,0,17802,33,0,0.0,0,0,0.0
2023-04-19,0,17831,29,0,0.0,0,0,0.0
2023-04-20,0,17856,25,0,0.0,0,0,0.0
2023-04-21,0,17894,38,0,0.0,0,0,0.0
2023-04-22,0,17927,33,0,0.0,0,0,0.0
2023-04-23,0,17950,23,0,0.0,0,0,0.0
2023-04-24,0,17974,24,0,0.0,0,0,0.0
2023-04-25,0,18009,35,0,0.0,0,0,0.0
2023-04-26,0,18030,21,0,0.0,0,0,0.0
2023-04-27,0,18059,29,0,0.0,0,0,0.0
2023-04-28,0,18087,28,0,0.0,0,0,0.0
2023-04-29,0,18129,42,0,0.0,0,0,0.0
2023-04-30,0,18157,28,0,0.0,0,0,0.0
2023-05-01,0,18181,24,0,0.0,0,0,0.0
2023-05-02,0,18207,26,0,0.0,0,0,0.0
2023-05-03,0,18237,30,0,0.0,0,0,0.0
2023-05-04,0,18268,31,0,0.0,0,0,0.0
2023-05-05,0,18295,27,0,0.0,0,0,0.0
2023-05-06,0,18330,35,0,0.0,0,0,0.0
2023-05-07,0,18359,29,0,0.0,0,0,0.0
2023-05-08,0,18377,18,0,0.0,0,0,0.0
2023-05-09,0,18402,25,0,0.0,0,0,0.0
2023-05-10,0,18426,24,0,0.0,0,0,0.0
2023-05-11,0,18453,27,0,0.0,0,0,0.0
2023-05-12,0,18482,29,0,0.0,0,0,0.0
2023-05-13,0,18518,36,0,0.0,0,0,0.0
2023-05-14,0,18544,26,0,0.0,0,0,0.0
2023-05-15,0,18565,21,0,0.0,0,0,0.0
2023-05-16,0,18595,30,0,0.0,0,0,0.0
2023-05-17,0,18627,32,0,0.0,0,0,0.0
2023-05-18,0,18658,31,0,0.0,0,0,0.0
2023-05-19,0,18688,30,0,0.0,0,0,0.0
2023-05-20,0,18712,24,0,0.0,0,0,0.0
2023-05-21,0,18740,28,0,0.0,0,0,0.0
2023-05-22,0,18772,32,0,0.0,0,0,0.0
2023-05-23,0,18795,23,0,0.0,0,0,0.0
2023-05-24,0,18824,29,0,0.0,0,0,0.0
2023-05-25,0,18849,25,0,0.0,0,0,0.0
2023-05-26,0,18879,30,0,0.0,0,0,0.0
2023-05-27,0,18904,25,0,0.0,0,0,0.0
2023-05-28,0,18934,30,0,0.0,0,0,0.0
2023-05-29,0,18964,30,0,0.0,0,0,0.0
2023-05-30,0,18990,26,0,0.0,0,0,0.0
2023-05-31,0,19019,29,0,0.0,0,0,0.0
2023-06-01,0,19045,26,0,0.0,0,0,0.0
2023-06-02,0,19071,26,0,0.0,0,0,0.0
2023-06-03,0,19097,26,0,0.0,0,0,0.0
2023-06-04,0,19125,28,0,0.0,0,0,0.0
2023-06-05,0,19152,27,0,0.0,0,0,0.0
2023-06-06,0,19178,26,0,0.0,0,0,0.0
2023-06-07,0,19207,29,0,0.0,0,0,0.0
2023-06-08,0,19234,27,0,0.0,0,0,0.0
2023-06-09,0,19267,33,0,0.0,0,0,0.0
2023-06-10,0,19291,24,0,0.0,0,0,0.0
2023-06-11,0,19311,20,0,0.0,0,0,0.0
2023-06-12,0,19341,30,0,0.0,0,0,0.0
2023-06-13,0,19374,33,0,0.0,0,0,0.0
2023-06-14,0,19403,29,0,0.0,0,0,0.0
2023-06-15,0,19433,30,0,0.0,0,0,0.0
2023-06-16,0,19466,33,0,0.0,0,0,0.0
2023-06-17,0,19502,36,0,0.0,0,0,0.0
2023-06-18,0,19522,20,0,0.0,0,0,0.0
2023-06-19,0,19548,26,0,0.0,0,0,0.0
2023-06-20,0,19581,33,0,0.0,0,0,0.0
2023-06-21,0,19603,22,0,0.0,0,0,0.0
2023-06-22,0,19638,35,0,0.0,0,0,0.0
2023-06-23,0,19662,24,0,0.0,0,0,0.0
2023-06-24,0,19687,25,0,0.0,0,0,0.0
2023-06-25,0,19716,29,0,0.0,0,0,0.0
2023-06-26,0,19749,33,0,0.0,0,0,0.0
2023-06-27,0,19781,32,0,0.0,0,0,0.0
2023-06-28,0,19803,22,0,0.0,0,0,0.0
2023-06-29,0,19832,29,0,0.0,0,0,0.0
2023-06-30,0,19858,26,0,0.0,0,0,0.0
2023-07-01,0,19888,30,0,0.0,0,0,0.0
2023-07-02,0,19924,36,0,0.0,0,0,0.0
2023-07-03,0,19954,30,0,0.0,0,0,0.0
2023-07-04,0,19971,17,0,0.0,0,0,0.0
2023-07-05,0,19994,23,0,0.0,0,0,0.0
2023-07-06,0,20022,28,0,0.0,0,0,0.0
2023-07-07,0,20041,19,0,0.0,0,0,0.0
2023-07-08,0,20059,18,0,0.0,0,0,0.0
2023-07-09,0,20085,26,0,0.0,0,0,0.0
2023-07-10,0,20105,20,0,0.0,0,0,0.0
2023-07-11,0,20141,36,0,0.0,0,0,0.0
2023-07-12,0,20173,32,0,0.0,0,0,0.0
2023-07-13,0,20196,23,0,0.0,0,0,0.0
2023-07-14,0,20224,28,0,0.0,0,0,0.0
2023-07-15,0,20245,21,0,0.0,0,0,0.0
2023-07-16,0,20270,25,0,0.0,0,0,0.0
2023-07-17,0,20300,30,0,0.0,0,0,0.0
2023-07-18,0,20333,33,0,0.0,0,0,0.0
2023-07-19,0,20354,21,0,0.0,0,0,0.0
2023-07-20,0,20389,35,0,0.0,0,0,0.0
2023-07-21,0,20420,31,0,0.0,0,0,0.0
2023-07-22,0,20438,18,0,0.0,0,0,0.0
2023-07-23,0,20463,25,0,0.0,0,0,0.0
2023-07-24,0,20490,27,0,0.0,0,0,0.0
2023-07-25,0,20522,32,0,0.0,0,0,0.0
2023-07-26,0,20546,24,0,0.0,0,0,0.0
2023-07-27,0,20576,30,0,0.0,0,0,0.0
2023-07-28,0,20605,29,0,0.0,0,0,0.0
2023-07-29,0,20636,31,0,0.0,0,0,0.0
2023-07-30,0,20663,27,0,0.0,0,0,0.0
2023-07-31,0,20684,21,0,0.0,0,0,0.0
2023-08-01,0,20708,24,0,0.0,0,0,0.0
2023-08-02,0,20741,33,0,0.0,0,0,0.0
2023-08-03,0,20768,27,0,0.0,0,0,0.0
2023-08-04,0,20795,27,0,0.0,0,0,0.0
2023-08-05,0,20819,24,0,0.0,0,0,0.0
2023-08-06,0,20839,20,0,0.0,0,0,0.0
2023-08-07,0,20867,28,0,0.0,0,0,0.0
2023-08-08,0,20890,23,0,0.0,0,0,0.0
2023-08-09,0,20918,28,0,0.0,0,0,0.0
2023-08-10,0,20945,27,0,0.0,0,0,0.0
2023-08-11,0,20975,30,0,0.0,0,0,0.0
2023-08-12,0,21010,35,0,0.0,0,0,0.0
2023-08-13,0,21036,26,0,0.0,0,0,0.0
2023-08-14,0,21063,27,0,0.0,0,0,0.0
2023-08-15,0,21096,33,0,0.0,0,0,0.0
2023-08-16,0,21124,28,0,0.0,0,0,0.0
2023-08-17,0,21150,26,0,0.0,0,0,0.0
2023-08-18,0,21175,25,0,0.0,0,0,0.0
2023-08-19,0,21206,31,0,0.0,0,0,0.0
2023-08-20,0,21241,35,0,0.0,0,0,0.0
2023-08-21,0,21276,35,0,0.0,0,0,0.0
2023-08-22,0,21295,19,0,0.0,0,0,0.0
2023-08-23,0,21318,23,0,0.0,0,0,0.0
2023-08-24,0,21353,35,0,0.0,0,0,0.0
2023-08-25,0,21377,24,0,0.0,0,0,0.0
2023-08-26,0,21406,29,0,0.0,0,0,0.0
2023-08-27,0,21433,27,0,0.0,0,0,0.0
2023-08-28,0,21452,19,0,0.0,0,0,0.0
2023-08-29,0,21472,20,0,0.0,0,0,0.0
2023-08-30,0,21506,34,0,0.0,0,0,0.0
2023-08-31,0,21531,25,0,0.0,0,0,0.0
2023-09-01,0,21558,27,0,0.0,0,0,0.0
2023-09-02,0,21583,25,0,0.0,0,0,0.0
2023-09-03,0,21601,18,0,0.0,0,0,0.0
2023-09-04,0,21631,30,0,0.0,0,0,0.0
2023-09-05,0,21655,24,0,0.0,0,0,0.0
2023-09-06,0,21683,28,0,0.0,0,0,0.0
2023-09-07,0,21709,26,0,0.0,0,0,0.0
2023-09-08,0,21735,26,0,0.0,0,0,0.0
2023-09-09,0,21763,28,0,0.0,0,0,0.0
2023-09-10,0,21779,16,0,0.0,0,0,0.0
2023-09-11,0,21805,26,0,0.0,0,0,0.0
2023-09-12,0,21828,23,0,0.0,0,0,0.0
2023-09-13,0,21866,38,0,0.0,0,0,0.0
2023-09-14,0,21885,19,0,0.0,0,0,0.0
2023-09-15,0,21909,24,0,0.0,0,0,0.0
2023-09-16,0,21938,29,0,0.0,0,0,0.0
2023-09-17,0,21958,20,0,0.0,0,0,0.0
2023-09-18,0,21982,24,0,0.0,0,0,0.0
2023-09-19,0,22008,26,0,0.0,0,0,0.0
2023-09-20,0,22037,29,0,0.0,0,0,0.0
2023-09-21,0,22064,27,0,0.0,0,0,0.0
2023-09-22,0,22082,18,0,0.0,0,0,0.0
2023-09-23,0,22101,19,0,0.0,0,0,0.0
2023-09-24,0,22128,27,0,0.0,0,0,0.0
2023-09-25,0,22159,31,0,0.0,0,0,0.0
2023-09-26,0,22191,32,0,0.0,0,0,0.0
2023-09-27,0,22216,25,0,0.0,0,0,0.0
2023-09-28,0,22243,27,0,0.0,0,0,0.0
2023-09-29,0,22263,20,0,0.0,0,0,0.0
2023-09-30,0,22291,28,0,0.0,0,0,0.0
2023-10-01,0,22312,21,0,0.0,0,0,0.0
2023-10-02,0,22338,26,0,0.0,0,0,0.0
2023-10-03,0,22367,29,0,0.0,0,0,0.0
2023-10-04,0,22382,15,0,0.0,0,0,0.0
2023-10-05,0,22407,25,0,0.0,0,0,0.0
2023-10-06,0,22436,29,0,0.0,0,0,0.0
2023-10-07,0,22457,21,0,0.0,0,0,0.0
2023-10-08,0,22486,29,0,0.0,0,0,0.0
2023-10-09,0,22513,27,0,0.0,0,0,0.0
2023-10-10,0,22542,29,0,0.0,0,0,0.0
2023-10-11,0,22565,23,0,0.0,0,0,0.0
2023-10-12,0,22589,24,0,0.0,0,0,0.0
2023-10-13,0,22624,35,0,0.0,0,0,0.0
2023-10-14,0,22645,21,0,0.0,0,0,0.0
2023-10-15,0,22672,27,0,0.0,0,0,0.0
2023-10-16,0,22696,24,0,0.0,0,0,0.0
2023-10-17,0,22718,22,0,0.0,0,0,0.0
2023-10-18,0,22756,38,0,0.0,0,0,0.0
2023-10-19,0,22781,25,0,0.0,0,0,0.0
2023-10-20,0,22812,31,0,0.0,0,0,0.0
2023-10-21,0,22839,27,0,0.0,0,0,0.0
2023-10-22,0,22857,18,0,0.0,0,0,0.0
2023-10-23,0,22887,30,0,0.0,0,0,0.0
2023-10-24,0,22915,28,0,0.0,0,0,0.0
2023-10-25,0,22937,22,0,0.0,0,0,0.0
2023-10-26,0,22963,26,0,0.0,0,0,0.0
2023-10-27,0,22990,27,0,0.0,0,0,0.0
2023-10-28,0,23021,31,0,0.0,0,0,0.0
2023-10-29,0,23049,28,0,0.0,0,0,0.0
2023-10-30,0,23084,35,0,0.0,0,0,0.0
2023-10-31,0,23101,17,0,0.0,0,0,0.0
2023-11-01,0,23124,23,0,0.0,0,0,0.0
2023-11-02,0,23150,26,0,0.0,0,0,0.0
2023-11-03,0,23180,30,0,0.0,0,0,0.0
2023-11-04,0,23196,16,0,0.0,0,0,0.0
2023-11-05,0,23221,25,0,0.0,0,0,0.0
2023-11-06,0,23238,17,0,0.0,0,0,0.0
2023-11-07,0,23251,13,0,0.0,0,0,0.0
2023-11-08,0,23276,25,0,0.0,0,0,0.0
2023-11-09,0,23300,24,0,0.0,0,0,0.0
2023-11-10,0,23322,22,0,0.0,0,0,0.0
2023-11-11,0,23340,18,0,0.0,0,0,0.0
2023-11-12,0,23371,31,0,0.0,0,0,0.0
2023-11-13,0,23397,26,0,0.0,0,0,0.0
2023-11-14,0,23422,25,0,0.0,0,0,0.0
2023-11-15,0,23455,33,0,0.0,0,0,0.0
2023-11-16,0,23483,28,0,0.0,0,0,0.0
2023-11-17,0,23510,27,0,0.0,0,0,0.0
2023-11-18,0,23535,25,0,0.0,0,0,0.0
2023-11-19,0,23551,16,0,0.0,0,0,0.0
2023-11-20,0,23576,25,0,0.0,0,0,0.0
2023-11-21,0,23603,27,0,0.0,0,0,0.0
2023-11-22,0,23629,26,0,0.0,0,0,0.0
2023-11-23,0,23659,30,0,0.0,0,0,0.0
2023-11-24,0,23682,23,0,0.0,0,0,0.0
2023-11-25,0,23709,27,0,0.0,0,0,0.0
2023-11-26,0,23737,28,0,0.0,0,0,0.0
2023-11-27,0,23764,27,0,0.0,0,0,0.0
2023-11-28,0,23794,30,0,0.0,0,0,0.0
2023-11-29,0,23818,24,0,0.0,0,0,0.0
2023-11-30,0,23846,28,0,0.0,0,0,0.0
2023-12-01,0,23872,26,0,0.0,0,0,0.0
2023-12-02,0,23897,25,0,0.0,0,0,0.0
2023-12-03,0,23928,31,0,0.0,0,0,0.0
2023-12-04,0,23957,29,0,0.0,0,0,0.0
2023-12-05,0,23975,18,0,0.0,0,0,0.0
2023-12-06,0,23998,23,0,0.0,0,0,0.0
2023-12-07,0,24028,30,0,0.0,0,0,0.0
2023-12-08,0,24056,28,0,0.0,0,0,0.0
2023-12-09,0,24089,33,0,0.0,0,0,0.0
2023-12-10,0,24117,28,0,0.0,0,0,0.0
2023-12-11,0,24140,23,0,0.0,0,0,0.0
2023-12-12,0,24173,33,0,0.0,0,0,0.0
2023-12-13,0,24203,30,0,0.0,0,0,0.0
2023-12-14,0,24235,32,0,0.0,0,0,0.0
2023-12-15,0,24266,31,0,0.0,0,0,0.0
2023-12-16,0,24298,32,0,0.0,0,0,0.0
2023-12-17,0,24327,29,0,0.0,0,0,0.0
2023-12-18,0,24348,21,0,0.0,0,0,0.0
2023-12-19,0,24396,48,0,0.0,0,0,0.0
2023-12-20,0,24427,31,0,0.0,0,0,0.0
2023-12-21,0,24463,36,0,0.0,0,0,0.0
2023-12-22,0,24487,24,0,0.0,0,0,0.0
2023-12-23,0,24521,34,0,0.0,0,0,0.0
2023-12-24,0,24549,28,0,0.0,0,0,0.0
2023-12-25,0,24574,25,0,0.0,0,0,0.0
2023-12-26,0,24599,25,0,0.0,0,0,0.0
2023-12-27,0,24620,21,0,0.0,0,0,0.0
2023-12-28,0,24649,29,0,0.0,0,0,0.0
2023-12-29,0,24683,34,0,0.0,0,0,0.0
2023-12-30,0,24704,21,0,0.0,0,0,0.0
2023-12-31,0,24724,20,0,0.0,0,0,0.0
2024-01-01,0,24745,21,0,0.0,0,0,0.0
2024-01-02,0,24779,34,0,0.0,0,0,0.0
2024-01-03,0,24805,26,0,0.0,0,0,0.0
2024-01-04,0,24828,23,0,0.0,0,0,0.0
2024-01-05,0,24854,26,0,0.0,0,0,0.0
2024-01-06,0,24878,24,0,0.0,0,0,0.0
2024-01-07,0,24906,28,0,0.0,0,0,0.0
2024-01-08,0,24936,30,0,0.0,0,0,0.0
2024-01-09,0,24962,26,0,0.0,0,0,0.0
2024-01-10,0,24993,31,0,0.0,0,0,0.0
2024-01-11,0,25017,24,0,0.0,0,0,0.0
2024-01-12,0,25035,18,0,0.0,0,0,0.0
2024-01-13,0,25057,22,0,0.0,0,0,0.0
2024-01-14,0,25092,35,0,0.0,0,0,0.0
2024-01-15,0,25114,22,0,0.0,0,0,0.0
2024-01-16,0,25140,26,0,0.0,0,0,0.0
2024-01-17,0,25169,29,0,0.0,0,0,0.0
2024-01-18,0,25201,32,0,0.0,0,0,0.0
2024-01-19,0,25232,31,0,0.0,0,0,0.0
2024-01-20,0,25254,22,0,0.0,0,0,0.0
2024-01-21,0,25278,24,0,0.0,0,0,0.0
2024-01-22,0,25299,21,0,0.0,0,0,0.0
2024-01-23,0,25329,30,0,0.0,0,0,0.0
2024-01-24,0,25360,31,0,0.0,0,0,0.0
2024-01-25,0,25382,22,0,0.0,0,0,0.0
2024-01-26,0,25408,26,0,0.0,0,0,0.0
2024-01-27,0,25432,24,0,0.0,0,0,0.0
2024-01-28,0,25470,38,0,0.0,0,0,0.0
2024-01-29,0,25496,26,0,0.0,0,0,0.0
2024-01-30,0,25525,29,0,0.0,0,0,0.0
2024-01-31,0,25554,29,0,0.0,0,0,0.0
2024-02-01,0,25580,26,0,0.0,0,0,0.0
2024-02-02,0,25605,25,0,0.0,0,0,0.0
2024-02-03,0,25628,23,0,0.0,0,0,0.0
2024-02-04,0,25654,26,0,0.0,0,0,0.0
2024-02-05,0,25692,38,0,0.0,0,0,0.0
2024-02-06,0,25714,22,0,0.0,0,0,0.0
2024-02-07,0,25733,19,0,0.0,0,0,0.0
2024-02-08,0,25764,31,0,0.0,0,0,0.0
2024-02-09,0,25797,33,0,0.0,0,0,0.0
2024-02-10,0,25817,20,0,0.0,0,0,0.0
2024-02-11,0,25844,27,0,0.0,0,0,0.0
2024-02-12,0,25869,25,0,0.0,0,0,0.0
2024-02-13,0,25899,30,0,0.0,0,0,0.0
2024-02-14,0,25925,26,0,0.0,0,0,0.0
2024-02-15,0,25949,24,0,0.0,0,0,0.0
2024-02-16,0,25975,26,0,0.0,0,0,0.0
2024-02-17,0,26000,25,0,0.0,0,0,0.0
2024-02-18,0,26028,28,0,0.0,0,0,0.0
2024-02-19,0,26062,34,0,0.0,0,0,0.0
2024-02-20,0,26082,20,0,0.0,0,0,0.0
2024-02-21,0,26125,43,0,0.0,0,0,0.0
2024-02-22,0,26152,27,0,0.0,0,0,0.0
2024-02-23,0,26181,29,0,0.0,0,0,0.0
2024-02-24,0,26205,24,0,0.0,0,0,0.0
2024-02-25,0,26231,26,0,0.0,0,0,0.0
2024-02-26,0,26264,33,0,0.0,0,0,0.0
2024-02-27,0,26287,23,0,0.0,0,0,0.0
2024-02-28,0,26309,22,0,0.0,0,0,0.0
2024-02-29,0,26328,19,0,0.0,0,0,0.0
2024-03-01,0,26356,28,0,0.0,0,0,0.0
2024-03-02,0,26379,23,0,0.0,0,0,0.0
2024-03-03,0,26402,23,0,0.0,0,0,0.0
2024-03-04,0,26433,31,0,0.0,0,0,0.0
2024-03-05,0,26462,29,0,0.0,0,0,0.0
2024-03-06,0,26491,29,0,0.0,0,0,0.0
2024-03-07,0,26517,26,0,0.0,0,0,0.0
2024-03-08,0,26544,27,0,0.0,0,0,0.0
2024-03-09,0,26568,24,0,0.0,0,0,0.0
2024-03-10,0,26595,27,0,0.0,0,0,0.0
2024-03-11,0,26622,27,0,0.0,0,0,0.0
2024-03-12,0,26647,25,0,0.0,0,0,0.0
2024-03-13,0,26666,19,0,0.0,0,0,0.0
2024-03-14,0,26694,28,0,0.0,0,0,0.0
2024-03-15,0,26722,28,0,0.0,0,0,0.0
2024-03-16,0,26749,27,0,0.0,0,0,0.0
2024-03-17,0,26781,32,0,0.0,0,0,0.0
2024-03-18,0,26812,31,0,0.0,0,0,0.0
2024-03-19,0,26832,20,0,0.0,0,0,0.0
2024-03-20,0,26854,22,0,0.0,0,0,0.0
2024-03-21,0,26894,40,0,0.0,0,0,0.0
2024-03-22,0,26916,22,0,0.0,0,0,0.0
2024-03-23,0,26948,32,0,0.0,0,0,0.0
2024-03-24,0,26982,34,0,0.0,0,0,0.0
2024-03-25,0,27010,28,0,0.0,0,0,0.0
2024-03-26,0,27042,32,0,0.0,0,0,0.0
2024-03-27,0,27065,23,0,0.0,0,0,0.0
2024-03-28,0,27093,28,0,0.0,0,0,0.0
2024-03-29,0,27132,39,0,0.0,0,0,0.0
2024-03-30,0,27151,19,0,0.0,0,0,0.0
2024-03-31,0,27178,27,0,0.0,0,0,0.0
2024-04-01,0,27216,38,0,0.0,0,0,0.0
2024-04-02,0,27247,31,0,0.0,0,0,0.0
2024-04-03,0,27273,26,0,0.0,0,0,0.0
2024-04-04,0,27305,32,0,0.0,0,0,0.0
2024-04-05,0,27328,23,0,0.0,0,0,0.0
2024-04-06,0,27354,26,0,0.0,0,0,0.0
2024-04-07,0,27381,27,0,0.0,0,0,0.0
2024-04-08,0,27413,32,0,0.0,0,0,0.0
2024-04-09,0,27441,28,0,0.0,0,0,0.0
2024-04-10,0,27466,25,0,0.0,0,0,0.0
2024-04-11,0,27487,21,0,0.0,0,0,0.0
2024-04-12,0,27514,27,0,0.0,0,0,0.0
2024-04-13,0,27541,27,0,0.0,0,0,0.0
2024-04-14,0,27561,20,0,0.0,0,0,0.0
2024-04-15,0,27596,35,0,0.0,0,0,0.0
2024-04-16,0,27630,34,0,0.0,0,0,0.0
2024-04-17,0,27643,13,0,0.0,0,0,0.0
2024-04-18,0,27674,31,0,0.0,0,0,0.0
2024-04-19,0,27706,32,0,0.0,0,0,0.0
2024-04-20,0,27727,21,0,0.0,0,0,0.0
2024-04-21,0,27747,20,0,0.0,0,0,0.0
2024-04-22,0,27769,22,0,0.0,0,0,0.0
2024-04-23,0,27799,30,0,0.0,0,0,0.0
2024-04-24,0,27821,22,0,0.0,0,0,0.0
2024-04-25,0,27848,27,0,0.0,0,0,0.0
2024-04-26,0,27880,32,0,0.0,0,0,0.0
2024-04-27,0,27915,35,0,0.0,0,0,0.0
2024-04-28,0,27937,22,0,0.0,0,0,0.0
2024-04-29,0,27965,28,0,0.0,0,0,0.0
2024-04-30,0,28006,41,0,0.0,0,0,0.0
2024-05-01,0,28033,27,0,0.0,0,0,0.0
2024-05-02,0,28060,27,0,0.0,0,0,0.0
2024-05-03,0,28088,28,0,0.0,0,0,0.0
2024-05-04,0,28119,31,0,0.0,0,0,0.0
2024-05-05,0,28150,31,0,0.0,0,0,0.0
2024-05-06,0,28177,27,0,0.0,0,0,0.0
2024-05-07,0,28204,27,0,0.0,0,0,0.0
2024-05-08,0,28228,24,0,0.0,0,0,0.0
2024-05-09,0,28254,26,0,0.0,0,0,0.0
2024-05-10,0,28280,26,0,0.0,0,0,0.0
2024-05-11,0,28307,27,0,0.0,0,0,0.0
2024-05-12,0,28336,29,0,0.0,0,0,0.0
2024-05-13,0,28366,30,0,0.0,0,0,0.0
2024-05-14,0,28386,20,0,0.0,0,0,0.0
2024-05-15,0,28412,26,0,0.0,0,0,0.0
2024-05-16,0,28442,30,0,0.0,0,0,0.0
2024-05-17,0,28463,21,0,0.0,0,0,0.0
2024-05-18,0,28492,29,0,0.0,0,0,0.0
2024-05-19,0,28520,28,0,0.0,0,0,0.0
2024-05-20,0,28557,37,0,0.0,0,0,0.0
2024-05-21,0,28588,31,0,0.0,0,0,0.0
2024-05-22,0,28615,27,0,0.0,0,0,0.0
2024-05-23,0,28647,32,0,0.0,0,0,0.0
2024-05-24,0,28667,20,0,0.0,0,0,0.0
2024-05-25,0,28694,27,0,0.0,0,0,0.0
2024-05-26,0,28720,26,0,0.0,0,0,0.0
2024-05-27,0,28757,37,0,0.0,0,0,0.0
2024-05-28,0,28787,30,0,0.0,0,0,0.0
2024-05-29,0,28810,23,0,0.0,0,0,0.0
2024-05-30,0,28841,31,0,0.0,0,0,0.0
2024-05-31,0,28872,31,0,0.0,0,0,0.0
2024-06-01,0,28892,20,0,0.0,0,0,0.0
2024-06-02,0,28922,30,0,0.0,0,0,0.0
2024-06-03,0,28944,22,0,0.0,0,0,0.0
2024-06-04,0,28977,33,0,0.0,0,0,0.0
2024-06-05,0,29003,26,0,0.0,0,0,0.0
2024-06-06,0,29029,26,0,0.0,0,0,0.0
2024-06-07,0,29061,32,0,0.0,0,0,0.0
2024-06-08,0,29097,36,0,0.0,0,0,0.0
2024-06-09,0,29128,31,0,0.0,0,0,0.0
2024-06-10,0,29159,31,0,0.0,0,0,0.0
2024-06-11,0,29195,36,0,0.0,0,0,0.0
2024-06-12,0,29216,21,0,0.0,0,0,0.0
2024-06-13,0,29249,33,0,0.0,0,0,0.0
2024-06-14,0,29279,30,0,0.0,0,0,0.0
2024-06-15,0,29307,28,0,0.0,0,0,0.0
2024-06-16,0,29335,28,0,0.0,0,0,0.0
2024-06-17,0,29372,37,0,0.0,0,0,0.0
2024-06-18,0,29400,28,0,0.0,0,0,0.0
2024-06-19,0,29433,33,0,0.0,0,0,0.0
2024-06-20,0,29459,26,0,0.0,0,0,0.0
2024-06-21,0,29483,24,0,0.0,0,0,0.0
2024-06-22,0,29508,25,0,0.0,0,0,0.0
2024-06-23,0,29551,43,0,0.0,0,0,0.0
2024-06-24,0,29586,35,0,0.0,0,0,0.0
2024-06-25,0,29611,25,0,0.0,0,0,0.0
2024-06-26,0,29651,40,0,0.0,0,0,0.0
2024-06-27,0,29681,30,0,0.0,0,0,0.0
2024-06-28,0,29709,28,0,0.0,0,0,0.0
2024-06-29,0,29735,26,0,0.0,0,0,0.0
2024-06-30,0,29757,22,0,0.0,0,0,0.0
2024-07-01,0,29784,27,0,0.0,0,0,0.0
2024-07-02,0,29809,25,0,0.0,0,0,0.0
2024-07-03,0,29843,34,0,0.0,0,0,0.0
2024-07-04,0,29870,27,0,0.0,0,0,0.0
2024-07-05,0,29892,22,0,0.0,0,0,0.0
2024-07-06,0,29920,28,0,0.0,0,0,0.0
2024-07-07,0,29947,27,0,0.0,0,0,0.0
2024-07-08,0,29972,25,0,0.0,0,0,0.0
2024-07-09,0,30000,28,0,0.0,0,0,0.0
2024-07-10,0,30000,0,0,0.0,0,0,0.0
2024-07-11,0,30000,0,0,0.0,0,0,0.0
2024-07-12,0,30000,0,0,0.0,0,0,0.0
2024-07-13,0,30000,0,0,0.0,0,0,0.0
2024-07-14,0,30000,0,0,0.0,0,0,0.0
2024-07-15,0,30000,0,0,0.0,0,0,0.0
2024-07-16,0,30000,0,0,0.0,0,0,0.0
2024-07-17,0,30000,0,0,0.0,0,0,0.0
2024-07-18,0,30000,0,0,0.0,0,0,0.0
2024-07-19,0,30000,0,0,0.0,0,0,0.0
2024-07-20,0,30000,0,0,0.0,0,0,0.0
2024-07-21,0,30000,0,0,0.0,0,0,0.0
2024-07-22,0,30000,0,0,0.0,0,0,0.0
2024-07-23,0,30000,0,0,0.0,0,0,0.0
2024-07-24,0,30000,0,0,0.0,0,0,0.0
2024-07-25,0,30000,0,0,0.0,0,0,0.0
2024-07-26,0,30000,0,0,0.0,0,0,0.0
2024-07-27,0,30000,0,0,0.0,0,0,0.0
2024-07-28,0,30000,0,0,0.0,0,0,0.0
2024-07-29,0,30000,0,0,0.0,0,0,0.0
2024-07-30,0,30000,0,0,0.0,0,0,0.0
2024-07-31,0,30000,0,0,0.0,0,0,0.0
2024-08-01,0,30000,0,0,0.0,0,0,0.0
2024-08-02,0,30000,0,0,0.0,0,0,0.0
2024-08-03,0,30000,0,0,0.0,0,0,0.0
2024-08-04,0,30000,0,0,0.0,0,0,0.0
2024-08-05,0,30000,0,0,0.0,0,0,0.0
2024-08-06,0,30000,0,0,0.0,0,0,0.0
2024-08-07,0,30000,0,0,0.0,0,0,0.0
2024-08-08,0,30000,0,0,0.0,0,0,0.0
2024-08-09,0,30000,0,0,0.0,0,0,0.0
2024-08-10,0,30000,0,0,0.0,0,0,0.0
2024-08-11,0,30000,0,0,0.0,0,0,0.0
2024-08-12,0,30000,0,0,0.0,0,0,0.0
2024-08-13,0,30000,0,0,0.0,0,0,0.0
2024-08-14,0,30000,0,0,0.0,0,0,0.0
2024-08-15,0,30000,0,0,0.0,0,0,0.0
2024-08-16,0,30000,0,0,0.0,0,0,0.0
2024-08-17,0,30000,0,0,0.0,0,0,0.0
2024-08-18,0,30000,0,0,0.0,0,0,0.0
2024-08-19,0,30000,0,0,0.0,0,0,0.0
2024-08-20,0,30000,0,0,0.0,0,0,0.0
2024-08-21,0,30000,0,0,0.0,0,0,0.0
2024-08-22,0,30000,0,0,0.0,0,0,0.0
2024-08-23,0,30000,0,0,0.0,0,0,0.0
2024-08-24,0,30000,0,0,0.0,0,0,0.0
2024-08-25,0,30000,0,0,0.0,0,0,0.0
2024-08-26,0,30000,0,0,0.0,0,0,0.0
2024-08-27,0,30000,0,0,0.0,0,0,0.0
2024-08-28,0,30000,0,0,0.0,0,0,0.0
2024-08-29,0,30000,0,0,0.0,0,0,0.0
2024-08-30,0,30000,0,0,0.0,0,0,0.0
2024-08-31,0,30000,0,0,0.0,0,0,0.0
2024-09-01,0,30000,0,0,0.0,0,0,0.0
2024-09-02,0,30000,0,0,0.0,0,0,0.0
2024-09-03,0,30000,0,0,0.0,0,0,0.0
2024-09-04,0,30000,0,0,0.0,0,0,0.0
2024-09-05,0,30000,0,0,0.0,0,0,0.0
2024-09-06,0,30000,0,0,0.0,0,0,0.0
2024-09-07,0,30000,0,0,0.0,0,0,0.0
2024-09-08,0,30000,0,0,0.0,0,0,0.0
2024-09-09,0,30000,0,0,0.0,0,0,0.0
2024-09-10,0,30000,0,0,0.0,0,0,0.0
2024-09-11,0,30000,0,0,0.0,0,0,0.0
2024-09-12,0,30000,0,0,0.0,0,0,0.0
2024-09-13,0,30000,0,0,0.0,0,0,0.0
2024-09-14,0,30000,0,0,0.0,0,0,0.0
2024-09-15,0,30000,0,0,0.0,0,0,0.0
2024-09-16,0,30000,0,0,0.0,0,0,0.0
2024-09-17,0,30000,0,0,0.0,0,0,0.0
2024-09-18,0,30000,0,0,0.0,0,0,0.0
2024-09-19,0,30000,0,0,0.0,0,0,0.0
2024-09-20,0,30000,0,0,0.0,0,0,0.0
2024-09-21,0,30000,0,0,0.0,0,0,0.0
2024-09-22,0,30000,0,0,0.0,0,0,0.0
2024-09-23,0,30000,0,0,0.0,0,0,0.0
2024-09-24,0,30000,0,0,0.0,0,0,0.0
2024-09-25,0,30000,0,0,0.0,0,0,0.0
2024-09-26,0,30000,0,0,0.0,0,0,0.0
2024-09-27,0,30000,0,0,0.0,0,0,0.0
2024-09-28,0,30000,0,0,0.0,0,0,0.0
2024-09-29,0,30000,0,0,0.0,0,0,0.0
2024-09-30,0,30000,0,0,0.0,0,0,0.0
2024-10-01,0,30000,0,0,0.0,0,0,0.0
2024-10-02,0,30000,0,0,0.0,0,0,0.0
2024-10-03,0,30000,0,0,0.0,0,0,0.0
2024-10-04,0,30000,0,0,0.0,0,0,0.0
2024-10-05,0,30000,0,0,0.0,0,0,0.0
2024-10-06,0,30000,0,0,0.0,0,0,0.0
2024-10-07,0,30000,0,0,0.0,0,0,0.0
2024-10-08,0,30000,0,0,0.0,0,0,0.0
2024-10-09,0,30000,0,0,0.0,0,0,0.0
2024-10-10,0,30000,0,0,0.0,0,0,0.0
2024-10-11,0,30000,0,0,0.0,0,0,0.0
2024-10-12,0,30000,0,0,0.0,0,0,0.0
2024-10-13,0,30000,0,0,0.0,0,0,0.0
2024-10-14,0,30000,0,0,0.0,0,0,0.0
2024-10-15,0,30000,0,0,0.0,0,0,0.0
2024-10-16,0,30000,0,0,0.0,0,0,0.0
2024-10-17,0,30000,0,0,0.0,0,0,0.0
2024-10-18,0,30000,0,0,0.0,0,0,0.0
2024-10-19,0,30000,0,0,0.0,0,0,0.0
2024-10-20,0,30000,0,0,0.0,0,0,0.0
2024-10-21,0,30000,0,0,0.0,0,0,0.0
2024-10-22,0,30000,0,0,0.0,0,0,0.0
2024-10-23,0,30000,0,0,0.0,0,0,0.0
2024-10-24,0,30000,0,0,0.0,0,0,0.0
2024-10-25,0,30000,0,0,0.0,0,0,0.0
2024-10-26,0,30000,0,0,0.0,0,0,0.0
2024-10-27,0,30000,0,0,0.0,0,0,0.0
2024-10-28,0,30000,0,0,0.0,0,0,0.0
2024-10-29,0,30000,0,0,0.0,0,0,0.0
2024-10-30,0,30000,0,0,0.0,0,0,0.0
2024-10-31,0,30000,0,0,0.0,0,0,0.0
2024-11-01,0,30000,0,0,0.0,0,0,0.0
2024-11-02,0,30000,0,0,0.0,0,0,0.0
2024-11-03,0,30000,0,0,0.0,0,0,0.0
2024-11-04,0,30000,0,0,0.0,0,0,0.0
2024-11-05,0,30000,0,0,0.0,0,0,0.0
2024-11-06,0,30000,0,0,0.0,0,0,0.0
2024-11-07,0,30000,0,0,0.0,0,0,0.0
2024-11-08,0,30000,0,0,0.0,0,0,0.0
2024-11-09,0,30000,0,0,0.0,0,0,0.0
2024-11-10,0,30000,0,0,0.0,0,0,0.0
2024-11-11,0,30000,0,0,0.0,0,0,0.0
2024-11-12,0,30000,0,0,0.0,0,0,0.0
2024-11-13,0,30000,0,0,0.0,0,0,0.0
2024-11-14,0,30000,0,0,0.0,0,0,0.0
2024-11-15,0,30000,0,0,0.0,0,0,0.0
2024-11-16,0,30000,0,0,0.0,0,0,0.0
2024-11-17,0,30000,0,0,0.0,0,0,0.0
2024-11-18,0,30000,0,0,0.0,0,0,0.0
2024-11-19,0,30000,0,0,0.0,0,0,0.0
2024-11-20,0,30000,0,0,0.0,0,0,0.0
2024-11-21,0,30000,0,0,0.0,0,0,0.0
2024-11-22,0,30000,0,0,0.0,0,0,0.0
2024-11-23,0,30000,0,0,0.0,0,0,0.0
2024-11-24,0,30000,0,0,0.0,0,0,0.0
2024-11-25,0,30000,0,0,0.0,0,0,0.0
2024-11-26,0,30000,0,0,0.0,0,0,0.0
2024-11-27,0,30000,0,0,0.0,0,0,0.0
2024-11-28,0,30000,0,0,0.0,0,0,0.0
2024-11-29,0,30000,0,0,0.0,0,0,0.0
2024-11-30,0,30000,0,0,0.0,0,0,0.0
2024-12-01,0,30000,0,0,0.0,0,0,0.0
2024-12-02,0,30000,0,0,0.0,0,0,0.0
2024-12-03,0,30000,0,0,0.0,0,0,0.0
2024-12-04,0,30000,0,0,0.0,0,0,0.0
2024-12-05,0,30000,0,0,0.0,0,0,0.0
2024-12-06,0,30000,0,0,0.0,0,0,0.0
2024-12-07,0,30000,0,0,0.0,0,0,0.0
2024-12-08,0,30000,0,0,0.0,0,0,0.0
2024-12-09,0,30000,0,0,0.0,0,0,0.0
2024-12-10,0,30000,0,0,0.0,0,0,0.0
2024-12-11,0,30000,0,0,0.0,0,0,0.0
2024-12-12,0,30000,0,0,0.0,0,0,0.0
2024-12-13,0,30000,0,0,0.0,0,0,0.0
2024-12-14,0,30000,0,0,0.0,0,0,0.0
2024-12-15,0,30000,0,0,0.0,0,0,0.0
2024-12-16,0,30000,0,0,0.0,0,0,0.0
2024-12-17,0,30000,0,0,0.0,0,0,0.0
2024-12-18,0,30000,0,0,0.0,0,0,0.0
2024-12-19,0,30000,0,0,0.0,0,0,0.0
2024-12-20,0,30000,0,0,0.0,0,0,0.0
2024-12-21,0,30000,0,0,0.0,0,0,0.0
2024-12-22,0,30000,0,0,0.0,0,0,0.0
2024-12-23,0,30000,0,0,0.0,0,0,0.0
2024-12-24,0,30000,0,0,0.0,0,0,0.0
2024-12-25,0,30000,0,0,0.0,0,0,0.0
2024-12-26,0,30000,0,0,0.0,0,0,0.0
2024-12-27,0,30000,0,0,0.0,0,0,0.0
2024-12-28,0,30000,0,0,0.0,0,0,0.0
2024-12-29,0,30000,0,0,0.0,0,0,0.0
2024-12-30,0,30000,0,0,0.0,0,0,0.0
2024-12-31,0,30000,0,0,0.0,0,0,0.0
2025-01-01,0,30000,0,0,0.0,0,0,0.0
2025-01-02,0,30000,0,0,0.0,0,0,0.0
2025-01-03,0,30000,0,0,0.0,0,0,0.0
2025-01-04,0,30000,0,0,0.0,0,0,0.0
2025-01-05,0,30000,0,0,0.0,0,0,0.0
2025-01-06,0,30000,0,0,0.0,0,0,0.0
2025-01-07,0,30000,0,0,0.0,0,0,0.0
2025-01-08,0,30000,0,0,0.0,0,0,0.0
2025-01-09,0,30000,0,0,0.0,0,0,0.0
2025-01-10,0,30000,0,0,0.0,0,0,0.0
2025-01-11,0,30000,0,0,0.0,0,0,0.0
2025-01-12,0,30000,0,0,0.0,0,0,0.0
2025-01-13,0,30000,0,0,0.0,0,0,0.0
2025-01-14,0,30000,0,0,0.0,0,0,0.0
2025-01-15,0,30000,0,0,0.0,0,0,0.0
2025-01-16,0,30000,0,0,0.0,0,0,0.0
2025-01-17,0,30000,0,0,0.0,0,0,0.0
2025-01-18,0,30000,0,0,0.0,0,0,0.0
2025-01-19,0,30000,0,0,0.0,0,0,0.0
2025-01-20,0,30000,0,0,0.0,0,0,0.0
2025-01-21,0,30000,0,0,0.0,0,0,0.0
2025-01-22,0,30000,0,0,0.0,0,0,0.0
2025-01-23,0,30000,0,0,0.0,0,0,0.0
2025-01-24,0,30000,0,0,0.0,0,0,0.0
2025-01-25,0,30000,0,0,0.0,0,0,0.0
2025-01-26,0,30000,0,0,0.0,0,0,0.0
2025-01-27,0,30000,0,0,0.0,0,0,0.0
2025-01-28,0,30000,0,0,0.0,0,0,0.0
2025-01-29,0,30000,0,0,0.0,0,0,0.0
2025-01-30,0,30000,0,0,0.0,0,0,0.0
2025-01-31,0,30000,0,0,0.0,0,0,0.0
2025-02-01,0,30000,0,0,0.0,0,0,0.0
2025-02-02,0,30000,0,0,0.0,0,0,0.0
2025-02-03,0,30000,0,0,0.0,0,0,0.0
2025-02-04,0,30000,0,0,0.0,0,0,0.0
2025-02-05,0,30000,0,0,0.0,0,0,0.0
2025-02-06,0,30000,0,0,0.0,0,0,0.0
2025-02-07,0,30000,0,0,0.0,0,0,0.0
2025-02-08,0,30000,0,0,0.0,0,0,0.0
2025-02-09,0,30000,0,0,0.0,0,0,0.0
2025-02-10,0,30000,0,0,0.0,0,0,0.0
2025-02-11,0,30000,0,0,0.0,0,0,0.0
2025-02-12,0,30000,0,0,0.0,0,0,0.0
2025-02-13,0,30000,0,0,0.0,0,0,0.0
2025-02-14,0,30000,0,0,0.0,0,0,0.0
2025-02-15,0,30000,0,0,0.0,0,0,0.0
2025-02-16,0,30000,0,0,0.0,0,0,0.0
2025-02-17,0,30000,0,0,0.0,0,0,0.0
2025-02-18,0,30000,0,0,0.0,0,0,0.0
2025-02-19,0,30000,0,0,0.0,0,0,0.0
2025-02-20,0,30000,0,0,0.0,0,0,0.0
2025-02-21,0,30000,0,0,0.0,0,0,0.0
2025-02-22,0,30000,0,0,0.0,0,0,0.0
2025-02-23,0,30000,0,0,0.0,0,0,0.0
2025-02-24,0,30000,0,0,0.0,0,0,0.0
2025-02-25,0,30000,0,0,0.0,0,0,0.0
2025-02-26,0,30000,0,0,0.0,0,0,0.0
2025-02-27,0,30000,0,0,0.0,0,0,0.0
2025-02-28,0,30000,0,0,0.0,0,0,0.0
2025-03-01,0,30000,0,0,0.0,0,0,0.0
2025-03-02,0,30000,0,0,0.0,0,0,0.0
2025-03-03,0,30000,0,0,0.0,0,0,0.0
2025-03-04,0,30000,0,0,0.0,0,0,0.0
2025-03-05,0,30000,0,0,0.0,0,0,0.0
2025-03-06,0,30000,0,0,0.0,0,0,0.0
2025-03-07,0,30000,0,0,0.0,0,0,0.0
2025-03-08,0,30000,0,0,0.0,0,0,0.0
2025-03-09,0,30000,0,0,0.0,0,0,0.0
2025-03-10,0,30000,0,0,0.0,0,0,0.0
2025-03-11,0,30000,0,0,0.0,0,0,0.0
2025-03-12,0,30000,0,0,0.0,0,0,0.0
2025-03-13,0,30000,0,0,0.0,0,0,0.0
2025-03-14,0,30000,0,0,0.0,0,0,0.0
2025-03-15,0,30000,0,0,0.0,0,0,0.0
2025-03-16,0,30000,0,0,0.0,0,0,0.0
2025-03-17,0,30000,0,0,0.0,0,0,0.0
2025-03-18,0,30000,0,0,0.0,0,0,0.0
2025-03-19,0,30000,0,0,0.0,0,0,0.0
2025-03-20,0,30000,0,0,0.0,0,0,0.0
2025-03-21,0,30000,0,0,0.0,0,0,0.0
2025-03-22,0,30000,0,0,0.0,0,0,0.0
2025-03-23,0,30000,0,0,0.0,0,0,0.0
2025-03-24,0,30000,0,0,0.0,0,0,0.0
2025-03-25,0,30000,0,0,0.0,0,0,0.0
2025-03-26,0,30000,0,0,0.0,0,0,0.0
2025-03-27,0,30000,0,0,0.0,0,0,0.0
2025-03-28,0,30000,0,0,0.0,0,0,0.0
2025-03-29,0,30000,0,0,0.0,0,0,0.0
2025-03-30,0,30000,0,0,0.0,0,0,0.0
2025-03-31,0,30000,0,0,0.0,0,0,0.0
2025-04-01,0,30000,0,0,0.0,0,0,0.0
2025-04-02,0,30000,0,0,0.0,0,0,0.0
2025-04-03,0,30000,0,0,0.0,0,0,0.0
2025-04-04,0,30000,0,0,0.0,0,0,0.0
2025-04-05,0,30000,0,0,0.0,0,0,0.0
2025-04-06,0,30000,0,0,0.0,0,0,0.0
2025-04-07,0,30000,0,0,0.0,0,0,0.0
2025-04-08,0,30000,0,0,0.0,0,0,0.0
2025-04-09,0,30000,0,0,0.0,0,0,0.0
2025-04-10,0,30000,0,0,0.0,0,0,0.0
2025-04-11,0,30000,0,0,0.0,0,0,0.0
2025-04-12,0,30000,0,0,0.0,0,0,0.0
2025-04-13,0,30000,0,0,0.0,0,0,0.0
2025-04-14,0,30000,0,0,0.0,0,0,0.0
2025-04-15,0,30000,0,0,0.0,0,0,0.0
2025-04-16,0,30000,0,0,0.0,0,0,0.0
2025-04-17,0,30000,0,0,0.0,0,0,0.0
2025-04-18,0,30000,0,0,0.0,0,0,0.0
2025-04-19,0,30000,0,0,0.0,0,0,0.0
2025-04-20,0,30000,0,0,0.0,0,0,0.0
2025-04-21,0,30000,0,0,0.0,0,0,0.0
2025-04-22,0,30000,0,0,0.0,0,0,0.0
2025-04-23,0,30000,0,0,0.0,0,0,0.0
2025-04-24,0,30000,0,0,0.0,0,0,0.0
2025-04-25,0,30000,0,0,0.0,0,0,0.0
2025-04-26,0,30000,0,0,0.0,0,0,0.0
2025-04-27,0,30000,0,0,0.0,0,0,0.0
2025-04-28,0,30000,0,0,0.0,0,0,0.0
2025-04-29,0,30000,0,0,0.0,0,0,0.0
2025-04-30,0,30000,0,0,0.0,0,0,0.0
2025-05-01,0,30000,0,0,0.0,0,0,0.0
2025-05-02,0,30000,0,0,0.0,0,0,0.0
2025-05-03,0,30000,0,0,0.0,0,0,0.0
2025-05-04,0,30000,0,0,0.0,0,0,0.0
2025-05-05,0,30000,0,0,0.0,0,0,0.0
2025-05-06,0,30000,0,0,0.0,0,0,0.0
2025-05-07,0,30000,0,0,0.0,0,0,0.0
2025-05-08,0,30000,0,0,0.0,0,0,0.0
2025-05-09,0,30000,0,0,0.0,0,0,0.0
2025-05-10,0,30000,0,0,0.0,0,0,0.0
2025-05-11,0,30000,0,0,0.0,0,0,0.0
2025-05-12,0,30000,0,0,0.0,0,0,0.0
2025-05-13,0,30000,0,0,0.0,0,0,0.0
2025-05-14,0,30000,0,0,0.0,0,0,0.0
2025-05-15,0,30000,0,0,0.0,0,0,0.0
2025-05-16,0,30000,0,0,0.0,0,0,0.0
2025-05-17,0,30000,0,0,0.0,0,0,0.0
2025-05-18,0,30000,0,0,0.0,0,0,0.0
2025-05-19,0,30000,0,0,0.0,0,0,0.0
2025-05-20,0,30000,0,0,0.0,0,0,0.0
2025-05-21,0,30000,0,0,0.0,0,0,0.0
2025-05-22,0,30000,0,0,0.0,0,0,0.0
2025-05-23,0,30000,0,0,0.0,0,0,0.0
2025-05-24,0,30000,0,0,0.0,0,0,0.0
2025-05-25,0,30000,0,0,0.0,0,0,0.0
2025-05-26,0,30000,0,0,0.0,0,0,0.0
2025-05-27,0,30000,0,0,0.0,0,0,0.0
2025-05-28,0,30000,0,0,0.0,0,0,0.0
2025-05-29,0,30000,0,0,0.0,0,0,0.0
2025-05-30,0,30000,0,0,0.0,0,0,0.0
2025-05-31,0,30000,0,0,0.0,0,0,0.0
2025-06-01,0,30000,0,0,0.0,0,0,0.0
2025-06-02,0,30000,0,0,0.0,0,0,0.0
2025-06-03,0,30000,0,0,0.0,0,0,0.0
2025-06-04,0,30000,0,0,0.0,0,0,0.0
2025-06-05,0,30000,0,0,0.0,0,0,0.0
2025-06-06,0,30000,0,0,0.0,0,0,0.0
2025-06-07,0,30000,0,0,0.0,0,0,0.0
2025-06-08,0,30000,0,0,0.0,0,0,0.0
2025-06-09,0,30000,0,0,0.0,0,0,0.0
2025-06-10,0,30000,0,0,0.0,0,0,0.0
2025-06-11,0,30000,0,0,0.0,0,0,0.0
2025-06-12,0,30000,0,0,0.0,0,0,0.0
2025-06-13,0,30000,0,0,0.0,0,0,0.0
2025-06-14,0,30000,0,0,0.0,0,0,0.0
2025-06-15,0,30000,0,0,0.0,0,0,0.0
2025-06-16,0,30000,0,0,0.0,0,0,0.0
2025-06-17,0,30000,0,0,0.0,0,0,0.0
2025-06-18,0,30000,0,0,0.0,0,0,0.0
2025-06-19,0,30000,0,0,0.0,0,0,0.0
2025-06-20,0,30000,0,0,0.0,0,0,0.0
2025-06-21,0,30000,0,0,0.0,0,0,0.0
2025-06-22,0,30000,0,0,0.0,0,0,0.0
2025-06-23,0,30000,0,0,0.0,0,0,0.0
2025-06-24,0,30000,0,0,0.0,0,0,0.0
2025-06-25,0,30000,0,0,0.0,0,0,0.0
2025-06-26,0,30000,0,0,0.0,0,0,0.0
2025-06-27,0,30000,0,0,0.0,0,0,0.0
2025-06-28,0,30000,0,0,0.0,0,0,0.0
2025-06-29,0,30000,0,0,0.0,0,0,0.0
2025-06-30,0,30000,0,0,0.0,0,0,0.0
2025-07-01,0,30000,0,0,0.0,0,0,0.0
2025-07-02,0,30000,0,0,0.0,0,0,0.0
2025-07-03,0,30000,0,0,0.0,0,0,0.0
2025-07-04,0,30000,0,0,0.0,0,0,0.0
2025-07-05,0,30000,0,0,0.0,0,0,0.0
2025-07-06,0,30000,0,0,0.0,0,0,0.0
2025-07-07,0,30000,0,0,0.0,0,0,0.0
2025-07-08,0,30000,0,0,0.0,0,0,0.0
2025-07-09,0,30000,0,0,0.0,0,0,0.0
2025-07-10,0,25636,0,4364,0.1702293649555313,0,0,0.0
2025-07-11,0,25635,0,1,3.900916715428125e-05,0,0,0.0
2025-07-12,0,25635,0,0,0.0,0,0,0.0
2025-07-13,0,25635,0,0,0.0,0,0,0.0
2025-07-14,0,25635,0,0,0.0,0,0,0.0
2025-07-15,0,25635,0,0,0.0,0,0,0.0
2025-07-16,0,25635,0,0,0.0,0,0,0.0
2025-07-17,0,25635,0,0,0.0,0,0,0.0
2025-07-18,0,25635,0,0,0.0,0,0,0.0
2025-07-19,0,25635,0,0,0.0,0,0,0.0
2025-07-20,0,25635,0,0,0.0,0,0,0.0
2025-07-21,0,25635,0,0,0.0,0,0,0.0
2025-07-22,0,25635,0,0,0.0,0,0,0.0
2025-07-23,0,25635,0,0,0.0,0,0,0.0
2025-07-24,0,25635,0,0,0.0,0,0,0.0
2025-07-25,0,25635,0,0,0.0,0,0,0.0
2025-07-26,0,25635,0,0,0.0,0,0,0.0
2025-07-27,0,25635,0,0,0.0,0,0,0.0
2025-07-28,0,25635,0,0,0.0,0,0,0.0
2025-07-29,0,25635,0,0,0.0,0,0,0.0
2025-07-30,0,25635,0,0,0.0,0,0,0.0
2025-07-31,0,25635,0,0,0.0,0,0,0.0
2025-08-01,0,25635,0,0,0.0,0,0,0.0
2025-08-02,0,25635,0,0,0.0,0,0,0.0
2025-08-03,0,25635,0,0,0.0,0,0,0.0
2025-08-04,0,25635,0,0,0.0,0,0,0.0
2025-08-05,0,25635,0,0,0.0,0,0,0.0
2025-08-06,0,25635,0,0,0.0,0,0,0.0
2025-08-07,0,25635,0,0,0.0,0,0,0.0
2025-08-08,0,25635,0,0,0.0,0,0,0.0
2025-08-09,0,25635,0,0,0.0,0,0,0.0
2025-08-10,0,25635,0,0,0.0,0,0,0.0
2025-08-11,0,25635,0,0,0.0,0,0,0.0
2025-08-12,0,25635,0,0,0.0,0,0,0.0
2025-08-13,0,25635,0,0,0.0,0,0,0.0
2025-08-14,0,25635,0,0,0.0,0,0,0.0
2025-08-15,0,25635,0,0,0.0,0,0,0.0
2025-08-16,0,25635,0,0,0.0,0,0,0.0
2025-08-17,0,25635,0,0,0.0,0,0,0.0
2025-08-18,0,25635,0,0,0.0,0,0,0.0
2025-08-19,0,25635,0,0,0.0,0,0,0.0
2025-08-20,0,25635,0,0,0.0,0,0,0.0
2025-08-21,0,25635,0,0,0.0,0,0,0.0
2025-08-22,0,25635,0,0,0.0,0,0,0.0
2025-08-23,0,25635,0,0,0.0,0,0,0.0
2025-08-24,0,25635,0,0,0.0,0,0,0.0
2025-08-25,0,25635,0,0,0.0,0,0,0.0
2025-08-26,0,25635,0,0,0.0,0,0,0.0
2025-08-27,0,25635,0,0,0.0,0,0,0.0
2025-08-28,0,25635,0,0,0.0,0,0,0.0
2025-08-29,0,25635,0,0,0.0,0,0,0.0
2025-08-30,0,25635,0,0,0.0,0,0,0.0
2025-08-31,0,25635,0,0,0.0,0,0,0.0
2025-09-01,0,25635,0,0,0.0,0,0,0.0
2025-09-02,0,25635,0,0,0.0,0,0,0.0
2025-09-03,0,25635,0,0,0.0,0,0,0.0
2025-09-04,0,25635,0,0,0.0,0,0,0.0
2025-09-05,0,25635,0,0,0.0,0,0,0.0
2025-09-06,0,25635,0,0,0.0,0,0,0.0
2025-09-07,0,25635,0,0,0.0,0,0,0.0
2025-09-08,0,25635,0,0,0.0,0,0,0.0
2025-09-09,0,25635,0,0,0.0,0,0,0.0
2025-09-10,0,25635,0,0,0.0,0,0,0.0
2025-09-11,0,25635,0,0,0.0,0,0,0.0
2025-09-12,0,25635,0,0,0.0,0,0,0.0
2025-09-13,0,25635,0,0,0.0,0,0,0.0
2025-09-14,0,25635,0,0,0.0,0,0,0.0
2025-09-15,0,25635,0,0,0.0,0,0,0.0
2025-09-16,0,25635,0,0,0.0,0,0,0.0
2025-09-17,0,25635,0,0,0.0,0,0,0.0
2025-09-18,0,25635,0,0,0.0,0,0,0.0
2025-09-19,0,25635,0,0,0.0,0,0,0.0
2025-09-20,0,25635,0,0,0.0,0,0,0.0
2025-09-21,0,25635,0,0,0.0,0,0,0.0
2025-09-22,0,25635,0,0,0.0,0,0,0.0
2025-09-23,0,25635,0,0,0.0,0,0,0.0
2025-09-24,0,25635,0,0,0.0,0,0,0.0
2025-09-25,0,25635,0,0,0.0,0,0,0.0
2025-09-26,0,25635,0,0,0.0,0,0,0.0
2025-09-27,0,25635,0,0,0.0,0,0,0.0
2025-09-28,0,25635,0,0,0.0,0,0,0.0
2025-09-29,0,25635,0,0,0.0,0,0,0.0
2025-09-30,0,25635,0,0,0.0,0,0,0.0
2025-10-01,0,25635,0,0,0.0,0,0,0.0
2025-10-02,0,25635,0,0,0.0,0,0,0.0
2025-10-03,0,25635,0,0,0.0,0,0,0.0
2025-10-04,0,25635,0,0,0.0,0,0,0.0
2025-10-05,0,25635,0,0,0.0,0,0,0.0
2025-10-06,0,25635,0,0,0.0,0,0,0.0
2025-10-07,0,25635,0,0,0.0,0,0,0.0
2025-10-08,0,25635,0,0,0.0,0,0,0.0
2025-10-09,0,25635,0,0,0.0,0,0,0.0
2025-10-10,0,25635,0,0,0.0,0,0,0.0
2025-10-11,0,25635,0,0,0.0,0,0,0.0
2025-10-12,0,25635,0,0,0.0,0,0,0.0
2025-10-13,0,25635,0,0,0.0,0,0,0.0
2025-10-14,0,25635,0,0,0.0,0,0,0.0
2025-10-15,0,25635,0,0,0.0,0,0,0.0
2025-10-16,0,25635,0,0,0.0,0,0,0.0
2025-10-17,0,25635,0,0,0.0,0,0,0.0
2025-10-18,0,25635,0,0,0.0,0,0,0.0
2025-10-19,0,25635,0,0,0.0,0,0,0.0
2025-10-20,0,25635,0,0,0.0,0,0,0.0
2025-10-21,0,25635,0,0,0.0,0,0,0.0
2025-10-22,0,25635,0,0,0.0,0,0,0.0
2025-10-23,0,25635,0,0,0.0,0,0,0.0
2025-10-24,0,25635,0,0,0.0,0,0,0.0
2025-10-25,0,25635,0,0,0.0,0,0,0.0
2025-10-26,0,25635,0,0,0.0,0,0,0.0
2025-10-27,0,25635,0,0,0.0,0,0,0.0
2025-10-28,0,25635,0,0,0.0,0,0,0.0
2025-10-29,0,25635,0,0,0.0,0,0,0.0
2025-10-30,0,25635,0,0,0.0,0,0,0.0
2025-10-31,0,25635,0,0,0.0,0,0,0.0
2025-11-01,0,25635,0,0,0.0,0,0,0.0
2025-11-02,0,25635,0,0,0.0,0,0,0.0
2025-11-03,0,25635,0,0,0.0,0,0,0.0
2025-11-04,0,25635,0,0,0.0,0,0,0.0
2025-11-05,0,25635,0,0,0.0,0,0,0.0
2025-11-06,0,25635,0,0,0.0,0,0,0.0
2025-11-07,0,25635,0,0,0.0,0,0,0.0
2025-11-08,0,25635,0,0,0.0,0,0,0.0
2025-11-09,0,25635,0,0,0.0,0,0,0.0
2025-11-10,0,25635,0,0,0.0,0,0,0.0
2025-11-11,0,25635,0,0,0.0,0,0,0.0
2025-11-12,0,25635,0,0,0.0,0,0,0.0
2025-11-13,0,25635,0,0,0.0,0,0,0.0
2025-11-14,0,25635,0,0,0.0,0,0,0.0
2025-11-15,0,25635,0,0,0.0,0,0,0.0
2025-11-16,0,25635,0,0,0.0,0,0,0.0
2025-11-17,0,25635,0,0,0.0,0,0,0.0
2025-11-18,0,25635,0,0,0.0,0,0,0.0
2025-11-19,0,25635,0,0,0.0,0,0,0.0
2025-11-20,0,25635,0,0,0.0,0,0,0.0
2025-11-21,0,25635,0,0,0.0,0,0,0.0
2025-11-22,0,25635,0,0,0.0,0,0,0.0
2025-11-23,0,25635,0,0,0.0,0,0,0.0
2025-11-24,0,25635,0,0,0.0,0,0,0.0
2025-11-25,0,25635,0,0,0.0,0,0,0.0
2025-11-26,0,25635,0,0,0.0,0,0,0.0
2025-11-27,0,25635,0,0,0.0,0,0,0.0
2025-11-28,0,25635,0,0,0.0,0,0,0.0
2025-11-29,0,25635,0,0,0.0,0,0,0.0
2025-11-30,0,25635,0,0,0.0,0,0,0.0
2025-12-01,0,25635,0,0,0.0,0,0,0.0
2025-12-02,0,25635,0,0,0.0,0,0,0.0
2025-12-03,0,25635,0,0,0.0,0,0,0.0
2025-12-04,0,25635,0,0,0.0,0,0,0.0
2025-12-05,0,25635,0,0,0.0,0,0,0.0
2025-12-06,0,25635,0,0,0.0,0,0,0.0
2025-12-07,0,25635,0,0,0.0,0,0,0.0
2025-12-08,0,25635,0,0,0.0,0,0,0.0
2025-12-09,0,25635,0,0,0.0,0,0,0.0
2025-12-10,0,25635,0,0,0.0,0,0,0.0
2025-12-11,0,25635,0,0,0.0,0,0,0.0
2025-12-12,0,25635,0,0,0.0,0,0,0.0
2025-12-13,0,25635,0,0,0.0,0,0,0.0
2025-12-14,0,25635,0,0,0.0,0,0,0.0
2025-12-15,0,25635,0,0,0.0,0,0,0.0
2025-12-16,0,25635,0,0,0.0,0,0,0.0
2025-12-17,0,25635,0,0,0.0,0,0,0.0
2025-12-18,0,25635,0,0,0.0,0,0,0.0
2025-12-19,0,25635,0,0,0.0,0,0,0.0
2025-12-20,0,25635,0,0,0.0,0,0,0.0
2025-12-21,0,25635,0,0,0.0,0,0,0.0
2025-12-22,0,25635,0,0,0.0,0,0,0.0
2025-12-23,0,25635,0,0,0.0,0,0,0.0
2025-12-24,0,25635,0,0,0.0,0,0,0.0
2025-12-25,0,25635,0,0,0.0,0,0,0.0
2025-12-26,0,25635,0,0,0.0,0,0,0.0
2025-12-27,0,25635,0,0,0.0,0,0,0.0
2025-12-28,0,25635,0,0,0.0,0,0,0.0
2025-12-29,0,25635,0,0,0.0,0,0,0.0
2025-12-30,0,25635,0,0,0.0,0,0,0.0
2025-12-31,0,25635,0,0,0.0,0,0,0.0
2026-01-01,0,25635,0,0,0.0,0,700,2120405.07
2026-01-02,0,25635,0,0,0.0,0,0,0.0
2026-01-03,0,25635,0,0,0.0,0,0,0.0
2026-01-04,0,25635,0,0,0.0,0,0,0.0
2026-01-05,0,25635,0,0,0.0,0,0,0.0
2026-01-06,0,25635,0,0,0.0,0,0,0.0
2026-01-07,0,25635,0,0,0.0,0,0,0.0
2026-01-08,0,25635,0,0,0.0,0,0,0.0
2026-01-09,0,25635,0,0,0.0,0,0,0.0
2026-01-10,0,25635,0,0,0.0,0,0,0.0
2026-01-11,0,25635,0,0,0.0,0,0,0.0
2026-01-12,0,25635,0,0,0.0,0,0,0.0
2026-01-13,0,25635,0,0,0.0,0,0,0.0
2026-01-14,0,25635,0,0,0.0,0,0,0.0
2026-01-15,0,25635,0,0,0.0,0,0,0.0
2026-01-16,0,25635,0,0,0.0,0,0,0.0
2026-01-17,0,25635,0,0,0.0,0,0,0.0
2026-01-18,0,25635,0,0,0.0,0,0,0.0
2026-01-19,0,25635,0,0,0.0,0,0,0.0
2026-01-20,0,25635,0,0,0.0,0,0,0.0
2026-01-21,0,25635,0,0,0.0,0,0,0.0
2026-01-22,0,25635,0,0,0.0,0,0,0.0
2026-01-23,0,25635,0,0,0.0,0,0,0.0
2026-01-24,0,25635,0,0,0.0,0,0,0.0
2026-01-25,0,25635,0,0,0.0,0,0,0.0
2026-01-26,0,25635,0,0,0.0,0,0,0.0
2026-01-27,4110,25635,0,0,0.0,19,0,0.0
2026-01-28,4110,25635,0,0,0.0,14,0,0.0
2026-01-29,4056,25635,0,0,0.0,15,0,0.0
2026-01-30,4077,25635,0,0,0.0,10,0,0.0
2026-01-31,4084,25635,0,0,0.0,15,0,0.0
2026-02-01,4100,25635,0,0,0.0,12,704,2094552.79
2026-02-02,4063,25635,0,0,0.0,13,0,0.0
2026-02-03,4078,25635,0,0,0.0,14,0,0.0
